SORA Publication Date,SORA
03 Jan 2008,0.8657
04 Jan 2008,0.8140
07 Jan 2008,0.7057
08 Jan 2008,0.7294
09 Jan 2008,0.7957
10 Jan 2008,0.9204
11 Jan 2008,0.9312
14 Jan 2008,1.1116
15 Jan 2008,1.1637
16 Jan 2008,1.2375
17 Jan 2008,1.2927
18 Jan 2008,1.2880
21 Jan 2008,1.4327
22 Jan 2008,1.4664
23 Jan 2008,1.4885
24 Jan 2008,1.2972
25 Jan 2008,1.2768
28 Jan 2008,1.3483
29 Jan 2008,1.4672
30 Jan 2008,1.7564
31 Jan 2008,1.7635
01 Feb 2008,1.7323
04 Feb 2008,1.7171
05 Feb 2008,1.6172
06 Feb 2008,1.5707
11 Feb 2008,1.6027
12 Feb 2008,1.3626
13 Feb 2008,1.3920
14 Feb 2008,1.1551
15 Feb 2008,1.0279
18 Feb 2008,1.0587
19 Feb 2008,1.1498
20 Feb 2008,1.1840
21 Feb 2008,1.2501
22 Feb 2008,1.2559
25 Feb 2008,1.1869
26 Feb 2008,1.1237
27 Feb 2008,1.1086
28 Feb 2008,0.9420
29 Feb 2008,1.0481
03 Mar 2008,1.0336
04 Mar 2008,1.0744
05 Mar 2008,1.0544
06 Mar 2008,1.0552
07 Mar 2008,0.8746
10 Mar 2008,0.5373
11 Mar 2008,0.4024
12 Mar 2008,0.3472
13 Mar 2008,0.3520
14 Mar 2008,0.3835
17 Mar 2008,0.5110
18 Mar 2008,0.7803
19 Mar 2008,0.8703
20 Mar 2008,0.8590
24 Mar 2008,0.9725
25 Mar 2008,1.0945
26 Mar 2008,1.0277
27 Mar 2008,0.7392
28 Mar 2008,0.6225
31 Mar 2008,0.6627
01 Apr 2008,0.7061
02 Apr 2008,0.6056
03 Apr 2008,0.6047
04 Apr 2008,0.6181
07 Apr 2008,0.7112
08 Apr 2008,0.6728
09 Apr 2008,0.6302
10 Apr 2008,0.4056
11 Apr 2008,0.5021
14 Apr 2008,0.4952
15 Apr 2008,0.4122
16 Apr 2008,0.4143
17 Apr 2008,0.4460
18 Apr 2008,0.2264
21 Apr 2008,0.1540
22 Apr 2008,0.1904
23 Apr 2008,0.1276
24 Apr 2008,0.1307
25 Apr 2008,0.4417
28 Apr 2008,0.7280
29 Apr 2008,1.0860
30 Apr 2008,1.0206
02 May 2008,1.0798
05 May 2008,0.8626
06 May 2008,0.6572
07 May 2008,0.5932
08 May 2008,0.4912
09 May 2008,0.6846
12 May 2008,0.8261
13 May 2008,0.8753
14 May 2008,0.8211
15 May 2008,0.7767
16 May 2008,0.5135
20 May 2008,0.4722
21 May 2008,0.4439
22 May 2008,0.3801
23 May 2008,0.6010
26 May 2008,0.7878
27 May 2008,0.6851
28 May 2008,0.6058
29 May 2008,0.5243
30 May 2008,0.5290
02 Jun 2008,0.5313
03 Jun 2008,0.3371
04 Jun 2008,0.2680
05 Jun 2008,0.1972
06 Jun 2008,0.3381
09 Jun 2008,0.3196
10 Jun 2008,0.3315
11 Jun 2008,0.3521
12 Jun 2008,0.3066
13 Jun 2008,0.2918
16 Jun 2008,0.2752
17 Jun 2008,0.2204
18 Jun 2008,0.0742
19 Jun 2008,0.1418
20 Jun 2008,0.2746
23 Jun 2008,0.3261
24 Jun 2008,0.3164
25 Jun 2008,0.2386
26 Jun 2008,0.2670
27 Jun 2008,0.2858
30 Jun 2008,0.5786
01 Jul 2008,0.8171
02 Jul 2008,0.2725
03 Jul 2008,0.2478
04 Jul 2008,0.3679
07 Jul 2008,0.4004
08 Jul 2008,0.3468
09 Jul 2008,0.3761
10 Jul 2008,0.3649
11 Jul 2008,0.4002
14 Jul 2008,0.3830
15 Jul 2008,0.3580
16 Jul 2008,0.3472
17 Jul 2008,0.2318
18 Jul 2008,0.3071
21 Jul 2008,0.3249
22 Jul 2008,0.3319
23 Jul 2008,0.4409
24 Jul 2008,0.4862
25 Jul 2008,0.4530
28 Jul 2008,0.3632
29 Jul 2008,0.2684
30 Jul 2008,0.1940
31 Jul 2008,0.1685
01 Aug 2008,0.2504
04 Aug 2008,0.3207
05 Aug 2008,0.3087
06 Aug 2008,0.2910
07 Aug 2008,0.3636
08 Aug 2008,0.3943
11 Aug 2008,0.5506
12 Aug 2008,0.6606
13 Aug 2008,0.7382
14 Aug 2008,0.7432
15 Aug 2008,0.7963
18 Aug 2008,0.9880
19 Aug 2008,0.7375
20 Aug 2008,0.6466
21 Aug 2008,0.5646
22 Aug 2008,0.7244
25 Aug 2008,0.6514
26 Aug 2008,0.5736
27 Aug 2008,0.5375
28 Aug 2008,0.5917
29 Aug 2008,0.6742
01 Sep 2008,0.6691
02 Sep 2008,0.4899
03 Sep 2008,0.5539
04 Sep 2008,0.6430
05 Sep 2008,0.7270
08 Sep 2008,0.8072
09 Sep 2008,0.8352
10 Sep 2008,0.8359
11 Sep 2008,0.8189
12 Sep 2008,0.9448
15 Sep 2008,0.9692
16 Sep 2008,0.9845
17 Sep 2008,1.2347
18 Sep 2008,1.3194
19 Sep 2008,1.5579
22 Sep 2008,1.3843
23 Sep 2008,1.4728
24 Sep 2008,1.6190
25 Sep 2008,1.5489
26 Sep 2008,1.6931
29 Sep 2008,1.6667
30 Sep 2008,1.5851
02 Oct 2008,1.5083
03 Oct 2008,1.1989
06 Oct 2008,0.8084
07 Oct 2008,0.8080
08 Oct 2008,0.6113
09 Oct 2008,0.7164
10 Oct 2008,0.5360
13 Oct 2008,0.4380
14 Oct 2008,0.6004
15 Oct 2008,0.7071
16 Oct 2008,0.5932
17 Oct 2008,0.4800
20 Oct 2008,0.3759
21 Oct 2008,0.3282
22 Oct 2008,0.2123
23 Oct 2008,0.1380
24 Oct 2008,0.1492
28 Oct 2008,0.3259
29 Oct 2008,0.4502
30 Oct 2008,0.8213
31 Oct 2008,0.6458
03 Nov 2008,0.4022
04 Nov 2008,0.2399
05 Nov 2008,0.1109
06 Nov 2008,0.0680
07 Nov 2008,0.0777
10 Nov 2008,0.1277
11 Nov 2008,0.2361
12 Nov 2008,0.5804
13 Nov 2008,0.7267
14 Nov 2008,0.8294
17 Nov 2008,0.6968
18 Nov 2008,0.4971
19 Nov 2008,0.2854
20 Nov 2008,0.3577
21 Nov 2008,0.3964
24 Nov 2008,0.4679
25 Nov 2008,0.5600
26 Nov 2008,0.5093
27 Nov 2008,0.4815
28 Nov 2008,0.4651
01 Dec 2008,0.5566
02 Dec 2008,0.4617
03 Dec 2008,0.4037
04 Dec 2008,0.3532
05 Dec 2008,0.4229
09 Dec 2008,0.4872
10 Dec 2008,0.4585
11 Dec 2008,0.4026
12 Dec 2008,0.2653
15 Dec 2008,0.2662
16 Dec 2008,0.2035
17 Dec 2008,0.2368
18 Dec 2008,0.2526
19 Dec 2008,0.3071
22 Dec 2008,0.4527
23 Dec 2008,0.4959
24 Dec 2008,0.4738
26 Dec 2008,0.4497
29 Dec 2008,0.3680
30 Dec 2008,0.3878
31 Dec 2008,0.2936
02 Jan 2009,0.2586
05 Jan 2009,0.2423
06 Jan 2009,0.2030
07 Jan 2009,0.1203
08 Jan 2009,0.0901
09 Jan 2009,0.0686
12 Jan 2009,0.0758
13 Jan 2009,0.0890
14 Jan 2009,0.0767
15 Jan 2009,0.1084
16 Jan 2009,0.1243
19 Jan 2009,0.1187
20 Jan 2009,0.0651
21 Jan 2009,0.0395
22 Jan 2009,0.0549
23 Jan 2009,0.0597
28 Jan 2009,0.1283
29 Jan 2009,0.1288
30 Jan 2009,0.1498
02 Feb 2009,0.2209
03 Feb 2009,0.1263
04 Feb 2009,0.1501
05 Feb 2009,0.1152
06 Feb 2009,0.1392
09 Feb 2009,0.0867
10 Feb 2009,0.1139
11 Feb 2009,0.1053
12 Feb 2009,0.0907
13 Feb 2009,0.1196
16 Feb 2009,0.1708
17 Feb 2009,0.1969
18 Feb 2009,0.2462
19 Feb 2009,0.2306
20 Feb 2009,0.2403
23 Feb 2009,0.2607
24 Feb 2009,0.2991
25 Feb 2009,0.2540
26 Feb 2009,0.1554
27 Feb 2009,0.2122
02 Mar 2009,0.2489
03 Mar 2009,0.2183
04 Mar 2009,0.1953
05 Mar 2009,0.1535
06 Mar 2009,0.1488
09 Mar 2009,0.1551
10 Mar 2009,0.1044
11 Mar 2009,0.0736
12 Mar 2009,0.0896
13 Mar 2009,0.1445
16 Mar 2009,0.2789
17 Mar 2009,0.4539
18 Mar 2009,0.5870
19 Mar 2009,0.6316
20 Mar 2009,0.5986
23 Mar 2009,0.3018
24 Mar 2009,0.2437
25 Mar 2009,0.2244
26 Mar 2009,0.2901
27 Mar 2009,0.4609
30 Mar 2009,0.4927
31 Mar 2009,0.3195
01 Apr 2009,0.4516
02 Apr 2009,0.3179
03 Apr 2009,0.1973
06 Apr 2009,0.0820
07 Apr 2009,0.0662
08 Apr 2009,0.0436
09 Apr 2009,0.0315
13 Apr 2009,0.1158
14 Apr 2009,0.1291
15 Apr 2009,0.1862
16 Apr 2009,0.3316
17 Apr 2009,0.4716
20 Apr 2009,0.1151
21 Apr 2009,0.1060
22 Apr 2009,0.0560
23 Apr 2009,0.0401
24 Apr 2009,0.0748
27 Apr 2009,0.0720
28 Apr 2009,0.0567
29 Apr 2009,0.0420
30 Apr 2009,0.0457
04 May 2009,0.0507
05 May 2009,0.0693
06 May 2009,0.0502
07 May 2009,0.0514
08 May 2009,0.0744
11 May 2009,0.0813
12 May 2009,0.0527
13 May 2009,0.0622
14 May 2009,0.0709
15 May 2009,0.0708
18 May 2009,0.0686
19 May 2009,0.1142
20 May 2009,0.1871
21 May 2009,0.1207
22 May 2009,0.2476
25 May 2009,0.1490
26 May 2009,0.0764
27 May 2009,0.0570
28 May 2009,0.0620
29 May 2009,0.0500
01 Jun 2009,0.0590
02 Jun 2009,0.0374
03 Jun 2009,0.0364
04 Jun 2009,0.1162
05 Jun 2009,0.3605
08 Jun 2009,0.4203
09 Jun 2009,0.1642
10 Jun 2009,0.1407
11 Jun 2009,0.1445
12 Jun 2009,0.0792
15 Jun 2009,0.0522
16 Jun 2009,0.0475
17 Jun 2009,0.0694
18 Jun 2009,0.0713
19 Jun 2009,0.0858
22 Jun 2009,0.0738
23 Jun 2009,0.1346
24 Jun 2009,0.1354
25 Jun 2009,0.1665
26 Jun 2009,0.1586
29 Jun 2009,0.2420
30 Jun 2009,0.4309
01 Jul 2009,0.3021
02 Jul 2009,0.1215
03 Jul 2009,0.0978
06 Jul 2009,0.0904
07 Jul 2009,0.1017
08 Jul 2009,0.0920
09 Jul 2009,0.0848
10 Jul 2009,0.0869
13 Jul 2009,0.0882
14 Jul 2009,0.1020
15 Jul 2009,0.0878
16 Jul 2009,0.0883
17 Jul 2009,0.0960
20 Jul 2009,0.0949
21 Jul 2009,0.1029
22 Jul 2009,0.1059
23 Jul 2009,0.0925
24 Jul 2009,0.1067
27 Jul 2009,0.1541
28 Jul 2009,0.1747
29 Jul 2009,0.2163
30 Jul 2009,0.2266
31 Jul 2009,0.2539
03 Aug 2009,0.4356
04 Aug 2009,0.4897
05 Aug 2009,0.4676
06 Aug 2009,0.3679
07 Aug 2009,0.3773
11 Aug 2009,0.3467
12 Aug 2009,0.3751
13 Aug 2009,0.1673
14 Aug 2009,0.1632
17 Aug 2009,0.1749
18 Aug 2009,0.1554
19 Aug 2009,0.1609
20 Aug 2009,0.1723
21 Aug 2009,0.1571
24 Aug 2009,0.1715
25 Aug 2009,0.1912
26 Aug 2009,0.1901
27 Aug 2009,0.2060
28 Aug 2009,0.2848
31 Aug 2009,0.3371
01 Sep 2009,0.4130
02 Sep 2009,0.2299
03 Sep 2009,0.3005
04 Sep 2009,0.3195
07 Sep 2009,0.2571
08 Sep 2009,0.1486
09 Sep 2009,0.1710
10 Sep 2009,0.0941
11 Sep 2009,0.1364
14 Sep 2009,0.1270
15 Sep 2009,0.0782
16 Sep 2009,0.1106
17 Sep 2009,0.1293
18 Sep 2009,0.1222
22 Sep 2009,0.1616
23 Sep 2009,0.2334
24 Sep 2009,0.3493
25 Sep 2009,0.3427
28 Sep 2009,0.2956
29 Sep 2009,0.2916
30 Sep 2009,0.3232
01 Oct 2009,0.3160
02 Oct 2009,0.3216
05 Oct 2009,0.2514
06 Oct 2009,0.1468
07 Oct 2009,0.2197
08 Oct 2009,0.4629
09 Oct 2009,0.2612
12 Oct 2009,0.3212
13 Oct 2009,0.2949
14 Oct 2009,0.2554
15 Oct 2009,0.2593
16 Oct 2009,0.2637
19 Oct 2009,0.2796
20 Oct 2009,0.2570
21 Oct 2009,0.2651
22 Oct 2009,0.2478
23 Oct 2009,0.2534
26 Oct 2009,0.2612
27 Oct 2009,0.2537
28 Oct 2009,0.2541
29 Oct 2009,0.2522
30 Oct 2009,0.2626
02 Nov 2009,0.4036
03 Nov 2009,0.4681
04 Nov 2009,0.3582
05 Nov 2009,0.2528
06 Nov 2009,0.3004
09 Nov 2009,0.3170
10 Nov 2009,0.2533
11 Nov 2009,0.2564
12 Nov 2009,0.2537
13 Nov 2009,0.2706
16 Nov 2009,0.1986
17 Nov 2009,0.1674
18 Nov 2009,0.0907
19 Nov 2009,0.0685
20 Nov 2009,0.1969
23 Nov 2009,0.2676
24 Nov 2009,0.2584
25 Nov 2009,0.2513
26 Nov 2009,0.4825
30 Nov 2009,0.2954
01 Dec 2009,0.1952
02 Dec 2009,0.1543
03 Dec 2009,0.1034
04 Dec 2009,0.1972
07 Dec 2009,0.2233
08 Dec 2009,0.1769
09 Dec 2009,0.1618
10 Dec 2009,0.1516
11 Dec 2009,0.1074
14 Dec 2009,0.0398
15 Dec 2009,0.0491
16 Dec 2009,0.0345
17 Dec 2009,0.0413
18 Dec 2009,0.0806
21 Dec 2009,0.0859
22 Dec 2009,0.0998
23 Dec 2009,0.1018
24 Dec 2009,0.1045
28 Dec 2009,0.1139
29 Dec 2009,0.0805
30 Dec 2009,0.0371
31 Dec 2009,0.0348
04 Jan 2010,0.1583
05 Jan 2010,0.1474
06 Jan 2010,0.1420
07 Jan 2010,0.1399
08 Jan 2010,0.1346
11 Jan 2010,0.1523
12 Jan 2010,0.1659
13 Jan 2010,0.1317
14 Jan 2010,0.1440
15 Jan 2010,0.0775
18 Jan 2010,0.1327
19 Jan 2010,0.0825
20 Jan 2010,0.1647
21 Jan 2010,0.1591
22 Jan 2010,0.1496
25 Jan 2010,0.1346
26 Jan 2010,0.1359
27 Jan 2010,0.1276
28 Jan 2010,0.0985
29 Jan 2010,0.1041
01 Feb 2010,0.1309
02 Feb 2010,0.1210
03 Feb 2010,0.1026
04 Feb 2010,0.1101
05 Feb 2010,0.1395
08 Feb 2010,0.2040
09 Feb 2010,0.1483
10 Feb 2010,0.1519
11 Feb 2010,0.1082
12 Feb 2010,0.1328
17 Feb 2010,0.1643
18 Feb 2010,0.1270
19 Feb 2010,0.1253
22 Feb 2010,0.1399
23 Feb 2010,0.1353
24 Feb 2010,0.1220
25 Feb 2010,0.0951
26 Feb 2010,0.2107
01 Mar 2010,0.2924
02 Mar 2010,0.1627
03 Mar 2010,0.1365
04 Mar 2010,0.1041
05 Mar 2010,0.0892
08 Mar 2010,0.1051
09 Mar 2010,0.0672
10 Mar 2010,0.0634
11 Mar 2010,0.0430
12 Mar 2010,0.0681
15 Mar 2010,0.0867
16 Mar 2010,0.0812
17 Mar 2010,0.0664
18 Mar 2010,0.0758
19 Mar 2010,0.0796
22 Mar 2010,0.0885
23 Mar 2010,0.0916
24 Mar 2010,0.0980
25 Mar 2010,0.0850
26 Mar 2010,0.1712
29 Mar 2010,0.1396
30 Mar 2010,0.1047
31 Mar 2010,0.1060
01 Apr 2010,0.1856
05 Apr 2010,0.2620
06 Apr 2010,0.1455
07 Apr 2010,0.1415
08 Apr 2010,0.0541
09 Apr 2010,0.1294
12 Apr 2010,0.0777
13 Apr 2010,0.1059
14 Apr 2010,0.0715
15 Apr 2010,0.0705
16 Apr 2010,0.0609
19 Apr 2010,0.0646
20 Apr 2010,0.0895
21 Apr 2010,0.0905
22 Apr 2010,0.0529
23 Apr 2010,0.0470
26 Apr 2010,0.0560
27 Apr 2010,0.0813
28 Apr 2010,0.1521
29 Apr 2010,0.2129
30 Apr 2010,0.1208
03 May 2010,0.0673
04 May 2010,0.0736
05 May 2010,0.0669
06 May 2010,0.0689
07 May 2010,0.1295
10 May 2010,0.1732
11 May 2010,0.1160
12 May 2010,0.0759
13 May 2010,0.0358
14 May 2010,0.0286
17 May 2010,0.0315
18 May 2010,0.0257
19 May 2010,0.0372
20 May 2010,0.0488
21 May 2010,0.0584
24 May 2010,0.0998
25 May 2010,0.1018
26 May 2010,0.1669
27 May 2010,0.2446
31 May 2010,0.2000
01 Jun 2010,0.0906
02 Jun 2010,0.0575
03 Jun 2010,0.0467
04 Jun 2010,0.1500
07 Jun 2010,0.2579
08 Jun 2010,0.2794
09 Jun 2010,0.2977
10 Jun 2010,0.2856
11 Jun 2010,0.1104
14 Jun 2010,0.0683
15 Jun 2010,0.0672
16 Jun 2010,0.0539
17 Jun 2010,0.0565
18 Jun 2010,0.0750
21 Jun 2010,0.1437
22 Jun 2010,0.0518
23 Jun 2010,0.0515
24 Jun 2010,0.0414
25 Jun 2010,0.0792
28 Jun 2010,0.2177
29 Jun 2010,0.1382
30 Jun 2010,0.0920
01 Jul 2010,0.0920
02 Jul 2010,0.0524
05 Jul 2010,0.0586
06 Jul 2010,0.0611
07 Jul 2010,0.0726
08 Jul 2010,0.0947
09 Jul 2010,0.1109
12 Jul 2010,0.1634
13 Jul 2010,0.1573
14 Jul 2010,0.1061
15 Jul 2010,0.1005
16 Jul 2010,0.1298
19 Jul 2010,0.1835
20 Jul 2010,0.1360
21 Jul 2010,0.1132
22 Jul 2010,0.1182
23 Jul 2010,0.1117
26 Jul 2010,0.1205
27 Jul 2010,0.0839
28 Jul 2010,0.0966
29 Jul 2010,0.1270
30 Jul 2010,0.1666
02 Aug 2010,0.1828
03 Aug 2010,0.1122
04 Aug 2010,0.0758
05 Aug 2010,0.0408
06 Aug 2010,0.0510
10 Aug 2010,0.1041
11 Aug 2010,0.0992
12 Aug 2010,0.0698
13 Aug 2010,0.0890
16 Aug 2010,0.0817
17 Aug 2010,0.0858
18 Aug 2010,0.1096
19 Aug 2010,0.0990
20 Aug 2010,0.1297
23 Aug 2010,0.1107
24 Aug 2010,0.1299
25 Aug 2010,0.1091
26 Aug 2010,0.1253
27 Aug 2010,0.1582
30 Aug 2010,0.1459
31 Aug 2010,0.1426
01 Sep 2010,0.1459
02 Sep 2010,0.0923
03 Sep 2010,0.1191
06 Sep 2010,0.0874
07 Sep 2010,0.0653
08 Sep 2010,0.0992
09 Sep 2010,0.0799
13 Sep 2010,0.0648
14 Sep 2010,0.1019
15 Sep 2010,0.0986
16 Sep 2010,0.1043
17 Sep 2010,0.1291
20 Sep 2010,0.1830
21 Sep 2010,0.1559
22 Sep 2010,0.2194
23 Sep 2010,0.2374
24 Sep 2010,0.1282
27 Sep 2010,0.0876
28 Sep 2010,0.0872
29 Sep 2010,0.0695
30 Sep 2010,0.0771
01 Oct 2010,0.1147
04 Oct 2010,0.0777
05 Oct 2010,0.0466
06 Oct 2010,0.0490
07 Oct 2010,0.0440
08 Oct 2010,0.0463
11 Oct 2010,0.0478
12 Oct 2010,0.0521
13 Oct 2010,0.0556
14 Oct 2010,0.0527
15 Oct 2010,0.0478
18 Oct 2010,0.1499
19 Oct 2010,0.2076
20 Oct 2010,0.1192
21 Oct 2010,0.1098
22 Oct 2010,0.0859
25 Oct 2010,0.0764
26 Oct 2010,0.0652
27 Oct 2010,0.0804
28 Oct 2010,0.0777
29 Oct 2010,0.0722
01 Nov 2010,0.0688
02 Nov 2010,0.0768
03 Nov 2010,0.0531
04 Nov 2010,0.0353
08 Nov 2010,0.0982
09 Nov 2010,0.0965
10 Nov 2010,0.0846
11 Nov 2010,0.0973
12 Nov 2010,0.0480
15 Nov 2010,0.0721
16 Nov 2010,0.0882
18 Nov 2010,0.0624
19 Nov 2010,0.0663
22 Nov 2010,0.0573
23 Nov 2010,0.0643
24 Nov 2010,0.0827
25 Nov 2010,0.0769
26 Nov 2010,0.1237
29 Nov 2010,0.1507
30 Nov 2010,0.2091
01 Dec 2010,0.1530
02 Dec 2010,0.0588
03 Dec 2010,0.0676
06 Dec 2010,0.0649
07 Dec 2010,0.0608
08 Dec 2010,0.0612
09 Dec 2010,0.0650
10 Dec 2010,0.0731
13 Dec 2010,0.0985
14 Dec 2010,0.0734
15 Dec 2010,0.0698
16 Dec 2010,0.0501
17 Dec 2010,0.0638
20 Dec 2010,0.0392
21 Dec 2010,0.0497
22 Dec 2010,0.0439
23 Dec 2010,0.0407
24 Dec 2010,0.0415
27 Dec 2010,0.0633
28 Dec 2010,0.0811
29 Dec 2010,0.0774
30 Dec 2010,0.0483
31 Dec 2010,0.0728
03 Jan 2011,0.1181
04 Jan 2011,0.1319
05 Jan 2011,0.0850
06 Jan 2011,0.0778
07 Jan 2011,0.0746
10 Jan 2011,0.0709
11 Jan 2011,0.0741
12 Jan 2011,0.0451
13 Jan 2011,0.0251
14 Jan 2011,0.0380
17 Jan 2011,0.0365
18 Jan 2011,0.0303
19 Jan 2011,0.0367
20 Jan 2011,0.0238
21 Jan 2011,0.0421
24 Jan 2011,0.0446
25 Jan 2011,0.0407
26 Jan 2011,0.0313
27 Jan 2011,0.0519
28 Jan 2011,0.0991
31 Jan 2011,0.1396
01 Feb 2011,0.2185
02 Feb 2011,0.1825
07 Feb 2011,0.2194
08 Feb 2011,0.0685
09 Feb 2011,0.0509
10 Feb 2011,0.0246
11 Feb 2011,0.0237
14 Feb 2011,0.0265
15 Feb 2011,0.0270
16 Feb 2011,0.0468
17 Feb 2011,0.0430
18 Feb 2011,0.0400
21 Feb 2011,0.0495
22 Feb 2011,0.0540
23 Feb 2011,0.0553
24 Feb 2011,0.0291
25 Feb 2011,0.0494
28 Feb 2011,0.0816
01 Mar 2011,0.0707
02 Mar 2011,0.0568
03 Mar 2011,0.0293
04 Mar 2011,0.0211
07 Mar 2011,0.0230
08 Mar 2011,0.0225
09 Mar 2011,0.0219
10 Mar 2011,0.0171
11 Mar 2011,0.0164
14 Mar 2011,0.0197
15 Mar 2011,0.0158
16 Mar 2011,0.0120
17 Mar 2011,0.0110
18 Mar 2011,0.0154
21 Mar 2011,0.0159
22 Mar 2011,0.0153
23 Mar 2011,0.0143
24 Mar 2011,0.0121
25 Mar 2011,0.0216
28 Mar 2011,0.0247
29 Mar 2011,0.0429
30 Mar 2011,0.0564
31 Mar 2011,0.0961
01 Apr 2011,0.1574
04 Apr 2011,0.1363
05 Apr 2011,0.0960
06 Apr 2011,0.0397
07 Apr 2011,0.0208
08 Apr 2011,0.0285
11 Apr 2011,0.0190
12 Apr 2011,0.0180
13 Apr 2011,0.0181
14 Apr 2011,0.0156
15 Apr 2011,0.0142
18 Apr 2011,0.0225
19 Apr 2011,0.0276
20 Apr 2011,0.0745
21 Apr 2011,0.1159
25 Apr 2011,0.0824
26 Apr 2011,0.0745
27 Apr 2011,0.1360
28 Apr 2011,0.1873
29 Apr 2011,0.1251
03 May 2011,0.1239
04 May 2011,0.0814
05 May 2011,0.0550
06 May 2011,0.0246
09 May 2011,0.0322
10 May 2011,0.0499
11 May 2011,0.1037
12 May 2011,0.1049
13 May 2011,0.0511
16 May 2011,0.0825
18 May 2011,0.0415
19 May 2011,0.0444
20 May 2011,0.0321
23 May 2011,0.0313
24 May 2011,0.0295
25 May 2011,0.0490
26 May 2011,0.1147
27 May 2011,0.1290
30 May 2011,0.0934
31 May 2011,0.0816
01 Jun 2011,0.0884
02 Jun 2011,0.0678
03 Jun 2011,0.0618
06 Jun 2011,0.0636
07 Jun 2011,0.0609
08 Jun 2011,0.0212
09 Jun 2011,0.0357
10 Jun 2011,0.0286
13 Jun 2011,0.0209
14 Jun 2011,0.0268
15 Jun 2011,0.0374
16 Jun 2011,0.0351
17 Jun 2011,0.0535
20 Jun 2011,0.0672
21 Jun 2011,0.0781
22 Jun 2011,0.0443
23 Jun 2011,0.0360
24 Jun 2011,0.0313
27 Jun 2011,0.0409
28 Jun 2011,0.0419
29 Jun 2011,0.0843
30 Jun 2011,0.0437
01 Jul 2011,0.0728
04 Jul 2011,0.0405
05 Jul 2011,0.0296
06 Jul 2011,0.0332
07 Jul 2011,0.0575
08 Jul 2011,0.0544
11 Jul 2011,0.0332
12 Jul 2011,0.0385
13 Jul 2011,0.0249
14 Jul 2011,0.0394
15 Jul 2011,0.0471
18 Jul 2011,0.0554
19 Jul 2011,0.0557
20 Jul 2011,0.0471
21 Jul 2011,0.0318
22 Jul 2011,0.0525
25 Jul 2011,0.0402
26 Jul 2011,0.0234
27 Jul 2011,0.0308
28 Jul 2011,0.0244
29 Jul 2011,0.0123
01 Aug 2011,0.0207
02 Aug 2011,0.0324
03 Aug 2011,0.0319
04 Aug 2011,0.0723
05 Aug 2011,0.0430
08 Aug 2011,0.0391
10 Aug 2011,0.0588
11 Aug 2011,0.0310
12 Aug 2011,0.0054
15 Aug 2011,0.0186
16 Aug 2011,0.0215
17 Aug 2011,0.0375
18 Aug 2011,0.0811
19 Aug 2011,0.1000
22 Aug 2011,0.0694
23 Aug 2011,0.1090
24 Aug 2011,0.1017
25 Aug 2011,0.0790
26 Aug 2011,0.0367
29 Aug 2011,0.0433
31 Aug 2011,0.0262
01 Sep 2011,0.0559
02 Sep 2011,0.0304
05 Sep 2011,0.0422
06 Sep 2011,0.0294
07 Sep 2011,0.0363
08 Sep 2011,0.0399
09 Sep 2011,0.0501
12 Sep 2011,0.0547
13 Sep 2011,0.0697
14 Sep 2011,0.0561
15 Sep 2011,0.0613
16 Sep 2011,0.0772
19 Sep 2011,0.0614
20 Sep 2011,0.0373
21 Sep 2011,0.0690
22 Sep 2011,0.0527
23 Sep 2011,0.0596
26 Sep 2011,0.0848
27 Sep 2011,0.0731
28 Sep 2011,0.0692
29 Sep 2011,0.0308
30 Sep 2011,0.0204
03 Oct 2011,0.0476
04 Oct 2011,0.0736
05 Oct 2011,0.0483
06 Oct 2011,0.0477
07 Oct 2011,0.0288
10 Oct 2011,0.0221
11 Oct 2011,0.0227
12 Oct 2011,0.0287
13 Oct 2011,0.0285
14 Oct 2011,0.0300
17 Oct 2011,0.0448
18 Oct 2011,0.0941
19 Oct 2011,0.0602
20 Oct 2011,0.0741
21 Oct 2011,0.0664
24 Oct 2011,0.0611
25 Oct 2011,0.0535
27 Oct 2011,0.0602
28 Oct 2011,0.0547
31 Oct 2011,0.0495
01 Nov 2011,0.0844
02 Nov 2011,0.0867
03 Nov 2011,0.1044
04 Nov 2011,0.0468
08 Nov 2011,0.0205
09 Nov 2011,0.0328
10 Nov 2011,0.0265
11 Nov 2011,0.0431
14 Nov 2011,0.0396
15 Nov 2011,0.0227
16 Nov 2011,0.0232
17 Nov 2011,0.0361
18 Nov 2011,0.0571
21 Nov 2011,0.1046
22 Nov 2011,0.1846
23 Nov 2011,0.2282
24 Nov 2011,0.0828
25 Nov 2011,0.0379
28 Nov 2011,0.0586
29 Nov 2011,0.0452
30 Nov 2011,0.0726
01 Dec 2011,0.0424
02 Dec 2011,0.0268
05 Dec 2011,0.0222
06 Dec 2011,0.0272
07 Dec 2011,0.0311
08 Dec 2011,0.0499
09 Dec 2011,0.0444
12 Dec 2011,0.0792
13 Dec 2011,0.0588
14 Dec 2011,0.0617
15 Dec 2011,0.1281
16 Dec 2011,0.0716
19 Dec 2011,0.0377
20 Dec 2011,0.0291
21 Dec 2011,0.0367
22 Dec 2011,0.0319
23 Dec 2011,0.0407
27 Dec 2011,0.0341
28 Dec 2011,0.0523
29 Dec 2011,0.0345
30 Dec 2011,0.0480
03 Jan 2012,0.1011
04 Jan 2012,0.0275
05 Jan 2012,0.0362
06 Jan 2012,0.0705
09 Jan 2012,0.0931
10 Jan 2012,0.0443
11 Jan 2012,0.0382
12 Jan 2012,0.0310
13 Jan 2012,0.0226
16 Jan 2012,0.0309
17 Jan 2012,0.0301
18 Jan 2012,0.0405
19 Jan 2012,0.0378
20 Jan 2012,0.0610
25 Jan 2012,0.1179
26 Jan 2012,0.1191
27 Jan 2012,0.1212
30 Jan 2012,0.0653
31 Jan 2012,0.0945
01 Feb 2012,0.0937
02 Feb 2012,0.0864
03 Feb 2012,0.0913
06 Feb 2012,0.0260
07 Feb 2012,0.0306
08 Feb 2012,0.0252
09 Feb 2012,0.0413
10 Feb 2012,0.0294
13 Feb 2012,0.0381
14 Feb 2012,0.0228
15 Feb 2012,0.0465
16 Feb 2012,0.0407
17 Feb 2012,0.0444
20 Feb 2012,0.0216
21 Feb 2012,0.0170
22 Feb 2012,0.0310
23 Feb 2012,0.0238
24 Feb 2012,0.0251
27 Feb 2012,0.0232
28 Feb 2012,0.0234
29 Feb 2012,0.0368
01 Mar 2012,0.0517
02 Mar 2012,0.0520
05 Mar 2012,0.0580
06 Mar 2012,0.0609
07 Mar 2012,0.0313
08 Mar 2012,0.0375
09 Mar 2012,0.0338
12 Mar 2012,0.0314
13 Mar 2012,0.0273
14 Mar 2012,0.0349
15 Mar 2012,0.0374
16 Mar 2012,0.0476
19 Mar 2012,0.0646
20 Mar 2012,0.0935
21 Mar 2012,0.0564
22 Mar 2012,0.0427
23 Mar 2012,0.0263
26 Mar 2012,0.0216
27 Mar 2012,0.0253
28 Mar 2012,0.0317
29 Mar 2012,0.0603
30 Mar 2012,0.0426
02 Apr 2012,0.0367
03 Apr 2012,0.0386
04 Apr 2012,0.0200
05 Apr 2012,0.0301
09 Apr 2012,0.0206
10 Apr 2012,0.0308
11 Apr 2012,0.0183
12 Apr 2012,0.0235
13 Apr 2012,0.0248
16 Apr 2012,0.0292
17 Apr 2012,0.0240
18 Apr 2012,0.0227
19 Apr 2012,0.0330
20 Apr 2012,0.0258
23 Apr 2012,0.0196
24 Apr 2012,0.0266
25 Apr 2012,0.0271
26 Apr 2012,0.0428
27 Apr 2012,0.0482
30 Apr 2012,0.0510
02 May 2012,0.0779
03 May 2012,0.0873
04 May 2012,0.0912
07 May 2012,0.1657
08 May 2012,0.1077
09 May 2012,0.0577
10 May 2012,0.0271
11 May 2012,0.0298
14 May 2012,0.0467
15 May 2012,0.0615
16 May 2012,0.0576
17 May 2012,0.0430
18 May 2012,0.0336
21 May 2012,0.0439
22 May 2012,0.0257
23 May 2012,0.0375
24 May 2012,0.0342
25 May 2012,0.0385
28 May 2012,0.0465
29 May 2012,0.0370
30 May 2012,0.0504
31 May 2012,0.0444
01 Jun 2012,0.0482
04 Jun 2012,0.0319
05 Jun 2012,0.0278
06 Jun 2012,0.0568
07 Jun 2012,0.0705
08 Jun 2012,0.0556
11 Jun 2012,0.0645
12 Jun 2012,0.0470
13 Jun 2012,0.0386
14 Jun 2012,0.0686
15 Jun 2012,0.0549
18 Jun 2012,0.0595
19 Jun 2012,0.0353
20 Jun 2012,0.0767
21 Jun 2012,0.0969
22 Jun 2012,0.0570
25 Jun 2012,0.0552
26 Jun 2012,0.0371
27 Jun 2012,0.0278
28 Jun 2012,0.0420
29 Jun 2012,0.0317
02 Jul 2012,0.0517
03 Jul 2012,0.0292
04 Jul 2012,0.0194
05 Jul 2012,0.0259
06 Jul 2012,0.0178
09 Jul 2012,0.0497
10 Jul 2012,0.0218
11 Jul 2012,0.0285
12 Jul 2012,0.0406
13 Jul 2012,0.0229
16 Jul 2012,0.0366
17 Jul 2012,0.0278
18 Jul 2012,0.0402
19 Jul 2012,0.0336
20 Jul 2012,0.0670
23 Jul 2012,0.0575
24 Jul 2012,0.0490
25 Jul 2012,0.1025
26 Jul 2012,0.0878
27 Jul 2012,0.0837
30 Jul 2012,0.1271
31 Jul 2012,0.1419
01 Aug 2012,0.1474
02 Aug 2012,0.0852
03 Aug 2012,0.0384
06 Aug 2012,0.0448
07 Aug 2012,0.0526
08 Aug 2012,0.0524
10 Aug 2012,0.0892
13 Aug 2012,0.0667
14 Aug 2012,0.0817
15 Aug 2012,0.0854
16 Aug 2012,0.1453
17 Aug 2012,0.1062
21 Aug 2012,0.0628
22 Aug 2012,0.0839
23 Aug 2012,0.0597
24 Aug 2012,0.0993
27 Aug 2012,0.0934
28 Aug 2012,0.0690
29 Aug 2012,0.0360
30 Aug 2012,0.0449
31 Aug 2012,0.0542
03 Sep 2012,0.0890
04 Sep 2012,0.0530
05 Sep 2012,0.0674
06 Sep 2012,0.0540
07 Sep 2012,0.0468
10 Sep 2012,0.0552
11 Sep 2012,0.0702
12 Sep 2012,0.0657
13 Sep 2012,0.0707
14 Sep 2012,0.0383
17 Sep 2012,0.0573
18 Sep 2012,0.0590
19 Sep 2012,0.0444
20 Sep 2012,0.0558
21 Sep 2012,0.0550
24 Sep 2012,0.0590
25 Sep 2012,0.1103
26 Sep 2012,0.1750
27 Sep 2012,0.1795
28 Sep 2012,0.2697
01 Oct 2012,0.2963
02 Oct 2012,0.2163
03 Oct 2012,0.0834
04 Oct 2012,0.0198
05 Oct 2012,0.0246
08 Oct 2012,0.0159
09 Oct 2012,0.0313
10 Oct 2012,0.0247
11 Oct 2012,0.0339
12 Oct 2012,0.0310
15 Oct 2012,0.0279
16 Oct 2012,0.0301
17 Oct 2012,0.0452
18 Oct 2012,0.0704
19 Oct 2012,0.0522
22 Oct 2012,0.0320
23 Oct 2012,0.0608
24 Oct 2012,0.0880
25 Oct 2012,0.1364
29 Oct 2012,0.1739
30 Oct 2012,0.0943
31 Oct 2012,0.0489
01 Nov 2012,0.0666
02 Nov 2012,0.0235
05 Nov 2012,0.0642
06 Nov 2012,0.0415
07 Nov 2012,0.0269
08 Nov 2012,0.0238
09 Nov 2012,0.0282
12 Nov 2012,0.0421
14 Nov 2012,0.0312
15 Nov 2012,0.0963
16 Nov 2012,0.1786
19 Nov 2012,0.1301
20 Nov 2012,0.0455
21 Nov 2012,0.0406
22 Nov 2012,0.0283
23 Nov 2012,0.0256
26 Nov 2012,0.0329
27 Nov 2012,0.0492
28 Nov 2012,0.0528
29 Nov 2012,0.0502
30 Nov 2012,0.0620
03 Dec 2012,0.0981
04 Dec 2012,0.0957
05 Dec 2012,0.1174
06 Dec 2012,0.0532
07 Dec 2012,0.0314
10 Dec 2012,0.0247
11 Dec 2012,0.0253
12 Dec 2012,0.0201
13 Dec 2012,0.0306
14 Dec 2012,0.0283
17 Dec 2012,0.0441
18 Dec 2012,0.1101
19 Dec 2012,0.0743
20 Dec 2012,0.0560
21 Dec 2012,0.0196
24 Dec 2012,0.0359
26 Dec 2012,0.0550
27 Dec 2012,0.1099
28 Dec 2012,0.0991
31 Dec 2012,0.0637
02 Jan 2013,0.0380
03 Jan 2013,0.0189
04 Jan 2013,0.0194
07 Jan 2013,0.0228
08 Jan 2013,0.0285
09 Jan 2013,0.0327
10 Jan 2013,0.0202
11 Jan 2013,0.0247
14 Jan 2013,0.0224
15 Jan 2013,0.0235
16 Jan 2013,0.0274
17 Jan 2013,0.0266
18 Jan 2013,0.0255
21 Jan 2013,0.0517
22 Jan 2013,0.0567
23 Jan 2013,0.0605
24 Jan 2013,0.1034
25 Jan 2013,0.0629
28 Jan 2013,0.0365
29 Jan 2013,0.0442
30 Jan 2013,0.0511
31 Jan 2013,0.0503
01 Feb 2013,0.0715
04 Feb 2013,0.0589
05 Feb 2013,0.0712
06 Feb 2013,0.0266
07 Feb 2013,0.0226
08 Feb 2013,0.0317
13 Feb 2013,0.0767
14 Feb 2013,0.0793
15 Feb 2013,0.0921
18 Feb 2013,0.0991
19 Feb 2013,0.0423
20 Feb 2013,0.0396
21 Feb 2013,0.0197
22 Feb 2013,0.0406
25 Feb 2013,0.0414
26 Feb 2013,0.0306
27 Feb 2013,0.0391
28 Feb 2013,0.0546
01 Mar 2013,0.0657
04 Mar 2013,0.0659
05 Mar 2013,0.0501
06 Mar 2013,0.0409
07 Mar 2013,0.0504
08 Mar 2013,0.0244
11 Mar 2013,0.0281
12 Mar 2013,0.0360
13 Mar 2013,0.0346
14 Mar 2013,0.0228
15 Mar 2013,0.0190
18 Mar 2013,0.0390
19 Mar 2013,0.0398
20 Mar 2013,0.0860
21 Mar 2013,0.0986
22 Mar 2013,0.0628
25 Mar 2013,0.1109
26 Mar 2013,0.0439
27 Mar 2013,0.0315
28 Mar 2013,0.0187
01 Apr 2013,0.0334
02 Apr 2013,0.0224
03 Apr 2013,0.0321
04 Apr 2013,0.0194
05 Apr 2013,0.0213
08 Apr 2013,0.0297
09 Apr 2013,0.0222
10 Apr 2013,0.0320
11 Apr 2013,0.0615
12 Apr 2013,0.0489
15 Apr 2013,0.0392
16 Apr 2013,0.0278
17 Apr 2013,0.0316
18 Apr 2013,0.0637
19 Apr 2013,0.0449
22 Apr 2013,0.0364
23 Apr 2013,0.0322
24 Apr 2013,0.0264
25 Apr 2013,0.0336
26 Apr 2013,0.0373
29 Apr 2013,0.0483
30 Apr 2013,0.0763
02 May 2013,0.1010
03 May 2013,0.0804
06 May 2013,0.0881
07 May 2013,0.0766
08 May 2013,0.0355
09 May 2013,0.0387
10 May 2013,0.0334
13 May 2013,0.0244
14 May 2013,0.0273
15 May 2013,0.0262
16 May 2013,0.0268
17 May 2013,0.0340
20 May 2013,0.0575
21 May 2013,0.0695
22 May 2013,0.1007
23 May 2013,0.0965
27 May 2013,0.1355
28 May 2013,0.0694
29 May 2013,0.0564
30 May 2013,0.0588
31 May 2013,0.0761
03 Jun 2013,0.0537
04 Jun 2013,0.0341
05 Jun 2013,0.0394
06 Jun 2013,0.0435
07 Jun 2013,0.0211
10 Jun 2013,0.0180
11 Jun 2013,0.0177
12 Jun 2013,0.0291
13 Jun 2013,0.0273
14 Jun 2013,0.0355
17 Jun 2013,0.0300
18 Jun 2013,0.0292
19 Jun 2013,0.0330
20 Jun 2013,0.0427
21 Jun 2013,0.0549
24 Jun 2013,0.0632
25 Jun 2013,0.0616
26 Jun 2013,0.0483
27 Jun 2013,0.0476
28 Jun 2013,0.0526
01 Jul 2013,0.0478
02 Jul 2013,0.0646
03 Jul 2013,0.0638
04 Jul 2013,0.0698
05 Jul 2013,0.0633
08 Jul 2013,0.0358
09 Jul 2013,0.0251
10 Jul 2013,0.0361
11 Jul 2013,0.0209
12 Jul 2013,0.0354
15 Jul 2013,0.0443
16 Jul 2013,0.0351
17 Jul 2013,0.0400
18 Jul 2013,0.0251
19 Jul 2013,0.0372
22 Jul 2013,0.0434
23 Jul 2013,0.0373
24 Jul 2013,0.0436
25 Jul 2013,0.0718
26 Jul 2013,0.0414
29 Jul 2013,0.0423
30 Jul 2013,0.0774
31 Jul 2013,0.0533
01 Aug 2013,0.0522
02 Aug 2013,0.0315
05 Aug 2013,0.0291
06 Aug 2013,0.0319
07 Aug 2013,0.0504
12 Aug 2013,0.0498
13 Aug 2013,0.0505
14 Aug 2013,0.0265
15 Aug 2013,0.0341
16 Aug 2013,0.0485
19 Aug 2013,0.0401
20 Aug 2013,0.0307
21 Aug 2013,0.0353
22 Aug 2013,0.0730
23 Aug 2013,0.0657
26 Aug 2013,0.0649
27 Aug 2013,0.0418
28 Aug 2013,0.0358
29 Aug 2013,0.0558
30 Aug 2013,0.0455
02 Sep 2013,0.0308
03 Sep 2013,0.0376
04 Sep 2013,0.0348
05 Sep 2013,0.0435
06 Sep 2013,0.0218
09 Sep 2013,0.0175
10 Sep 2013,0.0340
11 Sep 2013,0.0269
12 Sep 2013,0.0372
13 Sep 2013,0.0265
16 Sep 2013,0.0415
17 Sep 2013,0.0230
18 Sep 2013,0.0342
19 Sep 2013,0.0263
20 Sep 2013,0.0300
23 Sep 2013,0.0250
24 Sep 2013,0.0292
25 Sep 2013,0.0174
26 Sep 2013,0.0229
27 Sep 2013,0.0245
30 Sep 2013,0.0236
01 Oct 2013,0.0522
02 Oct 2013,0.0228
03 Oct 2013,0.0558
04 Oct 2013,0.0825
07 Oct 2013,0.1221
08 Oct 2013,0.1475
09 Oct 2013,0.0831
10 Oct 2013,0.0823
11 Oct 2013,0.1224
14 Oct 2013,0.1284
16 Oct 2013,0.1924
17 Oct 2013,0.0599
18 Oct 2013,0.0711
21 Oct 2013,0.0703
22 Oct 2013,0.0275
23 Oct 2013,0.0293
24 Oct 2013,0.0299
25 Oct 2013,0.0294
28 Oct 2013,0.0295
29 Oct 2013,0.0479
30 Oct 2013,0.0516
31 Oct 2013,0.0357
01 Nov 2013,0.0318
04 Nov 2013,0.0292
05 Nov 2013,0.0367
06 Nov 2013,0.0250
07 Nov 2013,0.0171
08 Nov 2013,0.0245
11 Nov 2013,0.0441
12 Nov 2013,0.0736
13 Nov 2013,0.1887
14 Nov 2013,0.3913
15 Nov 2013,0.1015
18 Nov 2013,0.0375
19 Nov 2013,0.0833
20 Nov 2013,0.1083
21 Nov 2013,0.0944
22 Nov 2013,0.0299
25 Nov 2013,0.0388
26 Nov 2013,0.0425
27 Nov 2013,0.0423
28 Nov 2013,0.0164
29 Nov 2013,0.0327
02 Dec 2013,0.0466
03 Dec 2013,0.0333
04 Dec 2013,0.0757
05 Dec 2013,0.0973
06 Dec 2013,0.0700
09 Dec 2013,0.0384
10 Dec 2013,0.0314
11 Dec 2013,0.0254
12 Dec 2013,0.0433
13 Dec 2013,0.0180
16 Dec 2013,0.0331
17 Dec 2013,0.0326
18 Dec 2013,0.0371
19 Dec 2013,0.0511
20 Dec 2013,0.0497
23 Dec 2013,0.0784
24 Dec 2013,0.0965
26 Dec 2013,0.0949
27 Dec 2013,0.0264
30 Dec 2013,0.0311
31 Dec 2013,0.0217
02 Jan 2014,0.0698
03 Jan 2014,0.0446
06 Jan 2014,0.0259
07 Jan 2014,0.0370
08 Jan 2014,0.0358
09 Jan 2014,0.0390
10 Jan 2014,0.0290
13 Jan 2014,0.0399
14 Jan 2014,0.0541
15 Jan 2014,0.0403
16 Jan 2014,0.0381
17 Jan 2014,0.0356
20 Jan 2014,0.0451
21 Jan 2014,0.0474
22 Jan 2014,0.0468
23 Jan 2014,0.0509
24 Jan 2014,0.0479
27 Jan 2014,0.0557
28 Jan 2014,0.0521
29 Jan 2014,0.0610
30 Jan 2014,0.0577
03 Feb 2014,0.0467
04 Feb 2014,0.0593
05 Feb 2014,0.0169
06 Feb 2014,0.0237
07 Feb 2014,0.0124
10 Feb 2014,0.0376
11 Feb 2014,0.0347
12 Feb 2014,0.0288
13 Feb 2014,0.0284
14 Feb 2014,0.0364
17 Feb 2014,0.0422
18 Feb 2014,0.0453
19 Feb 2014,0.0518
20 Feb 2014,0.0576
21 Feb 2014,0.0325
24 Feb 2014,0.0300
25 Feb 2014,0.0242
26 Feb 2014,0.0214
27 Feb 2014,0.0343
28 Feb 2014,0.0874
03 Mar 2014,0.1482
04 Mar 2014,0.0869
05 Mar 2014,0.0709
06 Mar 2014,0.0667
07 Mar 2014,0.0437
10 Mar 2014,0.0434
11 Mar 2014,0.0483
12 Mar 2014,0.0841
13 Mar 2014,0.0785
14 Mar 2014,0.0826
17 Mar 2014,0.0475
18 Mar 2014,0.0530
19 Mar 2014,0.0702
20 Mar 2014,0.0671
21 Mar 2014,0.0462
24 Mar 2014,0.0534
25 Mar 2014,0.0629
26 Mar 2014,0.0799
27 Mar 2014,0.0806
28 Mar 2014,0.0943
31 Mar 2014,0.1915
01 Apr 2014,0.2129
02 Apr 2014,0.0756
03 Apr 2014,0.0679
04 Apr 2014,0.0400
07 Apr 2014,0.0430
08 Apr 2014,0.0319
09 Apr 2014,0.0325
10 Apr 2014,0.0225
11 Apr 2014,0.0370
14 Apr 2014,0.0541
15 Apr 2014,0.0380
16 Apr 2014,0.0539
17 Apr 2014,0.0693
21 Apr 2014,0.0686
22 Apr 2014,0.0686
23 Apr 2014,0.0735
24 Apr 2014,0.0888
25 Apr 2014,0.0958
28 Apr 2014,0.0601
29 Apr 2014,0.0858
30 Apr 2014,0.0863
02 May 2014,0.1691
05 May 2014,0.1091
06 May 2014,0.0632
07 May 2014,0.0866
08 May 2014,0.0762
09 May 2014,0.0893
12 May 2014,0.0734
14 May 2014,0.1105
15 May 2014,0.1111
16 May 2014,0.0603
19 May 2014,0.0572
20 May 2014,0.0526
21 May 2014,0.0483
22 May 2014,0.0705
23 May 2014,0.1016
26 May 2014,0.0606
27 May 2014,0.0365
28 May 2014,0.0674
29 May 2014,0.1205
30 May 2014,0.1147
02 Jun 2014,0.1550
03 Jun 2014,0.0753
04 Jun 2014,0.0578
05 Jun 2014,0.0246
06 Jun 2014,0.0182
09 Jun 2014,0.0312
10 Jun 2014,0.0365
11 Jun 2014,0.0267
12 Jun 2014,0.0305
13 Jun 2014,0.0415
16 Jun 2014,0.0338
17 Jun 2014,0.0385
18 Jun 2014,0.0373
19 Jun 2014,0.0490
20 Jun 2014,0.0643
23 Jun 2014,0.1109
24 Jun 2014,0.1051
25 Jun 2014,0.1101
26 Jun 2014,0.1627
27 Jun 2014,0.0939
30 Jun 2014,0.0742
01 Jul 2014,0.0692
02 Jul 2014,0.0572
03 Jul 2014,0.0448
04 Jul 2014,0.0350
07 Jul 2014,0.0340
08 Jul 2014,0.0393
09 Jul 2014,0.0380
10 Jul 2014,0.0244
11 Jul 2014,0.0381
14 Jul 2014,0.0402
15 Jul 2014,0.0434
16 Jul 2014,0.0614
17 Jul 2014,0.0886
18 Jul 2014,0.0995
21 Jul 2014,0.1463
22 Jul 2014,0.1146
23 Jul 2014,0.0376
24 Jul 2014,0.0258
25 Jul 2014,0.0499
29 Jul 2014,0.0604
30 Jul 2014,0.0458
31 Jul 2014,0.0511
01 Aug 2014,0.0830
04 Aug 2014,0.0762
05 Aug 2014,0.0443
06 Aug 2014,0.0335
07 Aug 2014,0.0497
08 Aug 2014,0.0428
11 Aug 2014,0.0613
12 Aug 2014,0.0484
13 Aug 2014,0.0600
14 Aug 2014,0.0540
15 Aug 2014,0.0569
18 Aug 2014,0.0743
19 Aug 2014,0.0770
20 Aug 2014,0.0706
21 Aug 2014,0.0903
22 Aug 2014,0.1059
25 Aug 2014,0.1627
26 Aug 2014,0.0817
27 Aug 2014,0.1204
28 Aug 2014,0.1103
29 Aug 2014,0.1897
01 Sep 2014,0.1766
02 Sep 2014,0.1915
03 Sep 2014,0.1446
04 Sep 2014,0.1089
05 Sep 2014,0.1374
08 Sep 2014,0.0691
09 Sep 2014,0.0654
10 Sep 2014,0.0618
11 Sep 2014,0.0584
12 Sep 2014,0.0493
15 Sep 2014,0.0924
16 Sep 2014,0.0910
17 Sep 2014,0.1133
18 Sep 2014,0.0661
19 Sep 2014,0.0527
22 Sep 2014,0.0740
23 Sep 2014,0.0599
24 Sep 2014,0.0625
25 Sep 2014,0.0842
26 Sep 2014,0.0880
29 Sep 2014,0.1372
30 Sep 2014,0.0615
01 Oct 2014,0.0751
02 Oct 2014,0.0803
03 Oct 2014,0.0718
07 Oct 2014,0.0803
08 Oct 2014,0.0496
09 Oct 2014,0.0523
10 Oct 2014,0.0476
13 Oct 2014,0.0571
14 Oct 2014,0.0674
15 Oct 2014,0.0813
16 Oct 2014,0.1109
17 Oct 2014,0.0670
20 Oct 2014,0.0749
21 Oct 2014,0.0604
23 Oct 2014,0.0754
24 Oct 2014,0.0560
27 Oct 2014,0.0913
28 Oct 2014,0.0673
29 Oct 2014,0.0831
30 Oct 2014,0.0952
31 Oct 2014,0.0739
03 Nov 2014,0.1170
04 Nov 2014,0.2229
05 Nov 2014,0.1612
06 Nov 2014,0.1619
07 Nov 2014,0.2298
10 Nov 2014,0.1369
11 Nov 2014,0.1011
12 Nov 2014,0.1126
13 Nov 2014,0.0723
14 Nov 2014,0.0605
17 Nov 2014,0.0777
18 Nov 2014,0.0907
19 Nov 2014,0.0888
20 Nov 2014,0.1130
21 Nov 2014,0.1155
24 Nov 2014,0.1266
25 Nov 2014,0.1308
26 Nov 2014,0.1562
27 Nov 2014,0.0965
28 Nov 2014,0.1184
01 Dec 2014,0.2011
02 Dec 2014,0.1018
03 Dec 2014,0.0861
04 Dec 2014,0.1126
05 Dec 2014,0.1038
08 Dec 2014,0.1161
09 Dec 2014,0.1747
10 Dec 2014,0.1624
11 Dec 2014,0.1198
12 Dec 2014,0.0650
15 Dec 2014,0.0666
16 Dec 2014,0.0789
17 Dec 2014,0.0881
18 Dec 2014,0.0889
19 Dec 2014,0.2039
22 Dec 2014,0.3186
23 Dec 2014,0.2258
24 Dec 2014,0.1706
26 Dec 2014,0.0503
29 Dec 2014,0.1268
30 Dec 2014,0.2327
31 Dec 2014,0.2535
02 Jan 2015,0.2484
05 Jan 2015,0.1730
06 Jan 2015,0.3020
07 Jan 2015,0.1871
08 Jan 2015,0.1043
09 Jan 2015,0.0778
12 Jan 2015,0.1350
13 Jan 2015,0.1423
14 Jan 2015,0.1106
15 Jan 2015,0.0867
16 Jan 2015,0.1014
19 Jan 2015,0.0488
20 Jan 2015,0.0496
21 Jan 2015,0.0696
22 Jan 2015,0.0487
23 Jan 2015,0.0655
26 Jan 2015,0.0730
27 Jan 2015,0.0951
28 Jan 2015,0.1393
29 Jan 2015,0.3499
30 Jan 2015,0.2774
02 Feb 2015,0.3866
03 Feb 2015,0.2590
04 Feb 2015,0.1517
05 Feb 2015,0.1278
06 Feb 2015,0.2307
09 Feb 2015,0.1930
10 Feb 2015,0.3004
11 Feb 2015,0.2927
12 Feb 2015,0.2541
13 Feb 2015,0.2587
16 Feb 2015,0.2150
17 Feb 2015,0.1832
18 Feb 2015,0.2848
23 Feb 2015,0.4929
24 Feb 2015,0.4635
25 Feb 2015,0.4307
26 Feb 2015,0.2796
27 Feb 2015,0.2797
02 Mar 2015,0.3447
03 Mar 2015,0.4297
04 Mar 2015,0.3540
05 Mar 2015,0.2646
06 Mar 2015,0.1165
09 Mar 2015,0.1569
10 Mar 2015,0.1995
11 Mar 2015,0.1676
12 Mar 2015,0.1838
13 Mar 2015,0.1191
16 Mar 2015,0.1013
17 Mar 2015,0.1177
18 Mar 2015,0.1845
19 Mar 2015,0.3618
20 Mar 2015,0.4119
23 Mar 2015,0.6044
24 Mar 2015,0.5587
25 Mar 2015,0.1859
26 Mar 2015,0.1207
27 Mar 2015,0.1948
30 Mar 2015,0.1813
31 Mar 2015,0.1460
01 Apr 2015,0.3023
02 Apr 2015,0.2213
06 Apr 2015,0.2512
07 Apr 2015,0.4473
08 Apr 2015,0.4897
09 Apr 2015,0.3874
10 Apr 2015,0.3216
13 Apr 2015,0.2356
14 Apr 2015,0.2098
15 Apr 2015,0.1330
16 Apr 2015,0.1189
17 Apr 2015,0.0510
20 Apr 2015,0.0672
21 Apr 2015,0.0962
22 Apr 2015,0.1922
23 Apr 2015,0.2141
24 Apr 2015,0.2142
27 Apr 2015,0.2791
28 Apr 2015,0.2350
29 Apr 2015,0.3689
30 Apr 2015,0.2849
04 May 2015,0.2264
05 May 2015,0.4917
06 May 2015,0.4986
07 May 2015,0.6033
08 May 2015,0.5122
11 May 2015,0.2376
12 May 2015,0.1146
13 May 2015,0.0745
14 May 2015,0.0345
15 May 2015,0.0373
18 May 2015,0.0695
19 May 2015,0.0644
20 May 2015,0.0761
21 May 2015,0.0925
22 May 2015,0.1170
25 May 2015,0.1395
26 May 2015,0.1728
27 May 2015,0.2131
28 May 2015,0.3119
29 May 2015,0.2203
02 Jun 2015,0.3903
03 Jun 2015,0.3378
04 Jun 2015,0.3433
05 Jun 2015,0.2172
08 Jun 2015,0.1201
09 Jun 2015,0.0894
10 Jun 2015,0.0734
11 Jun 2015,0.0552
12 Jun 2015,0.0675
15 Jun 2015,0.0631
16 Jun 2015,0.0752
17 Jun 2015,0.0616
18 Jun 2015,0.0749
19 Jun 2015,0.0878
22 Jun 2015,0.1722
23 Jun 2015,0.3390
24 Jun 2015,0.2616
25 Jun 2015,0.2419
26 Jun 2015,0.1759
29 Jun 2015,0.3613
30 Jun 2015,0.9921
01 Jul 2015,1.0098
02 Jul 2015,0.5795
03 Jul 2015,0.5193
06 Jul 2015,0.2663
07 Jul 2015,0.2480
08 Jul 2015,0.1594
09 Jul 2015,0.0485
10 Jul 2015,0.0329
13 Jul 2015,0.0480
14 Jul 2015,0.0681
15 Jul 2015,0.1289
16 Jul 2015,0.2164
20 Jul 2015,0.3106
21 Jul 2015,0.2813
22 Jul 2015,0.2098
23 Jul 2015,0.1340
24 Jul 2015,0.1518
27 Jul 2015,0.2058
28 Jul 2015,0.2773
29 Jul 2015,0.2330
30 Jul 2015,0.2324
31 Jul 2015,0.2464
03 Aug 2015,0.2294
04 Aug 2015,0.1589
05 Aug 2015,0.1852
06 Aug 2015,0.1724
11 Aug 2015,0.1110
12 Aug 2015,0.1450
13 Aug 2015,0.1034
14 Aug 2015,0.1238
17 Aug 2015,0.0907
18 Aug 2015,0.0886
19 Aug 2015,0.1743
20 Aug 2015,0.1478
21 Aug 2015,0.1225
24 Aug 2015,0.2854
25 Aug 2015,0.6583
26 Aug 2015,1.2265
27 Aug 2015,0.7726
28 Aug 2015,0.2978
31 Aug 2015,0.1963
01 Sep 2015,0.4865
02 Sep 2015,0.2117
03 Sep 2015,0.1610
04 Sep 2015,0.0773
07 Sep 2015,0.0573
08 Sep 2015,0.0806
09 Sep 2015,0.2133
10 Sep 2015,0.1118
14 Sep 2015,0.3055
15 Sep 2015,0.2027
16 Sep 2015,0.1956
17 Sep 2015,0.2002
18 Sep 2015,0.2299
21 Sep 2015,0.1870
22 Sep 2015,0.1394
23 Sep 2015,0.1841
25 Sep 2015,0.1200
28 Sep 2015,0.1862
29 Sep 2015,0.1999
30 Sep 2015,0.1105
01 Oct 2015,0.2158
02 Oct 2015,0.1573
05 Oct 2015,0.3206
06 Oct 2015,0.2704
07 Oct 2015,0.2789
08 Oct 2015,0.1463
09 Oct 2015,0.0645
12 Oct 2015,0.0301
13 Oct 2015,0.0407
14 Oct 2015,0.0270
15 Oct 2015,0.0338
16 Oct 2015,0.0571
19 Oct 2015,0.2107
20 Oct 2015,0.2296
21 Oct 2015,0.1067
22 Oct 2015,0.1595
23 Oct 2015,0.3093
26 Oct 2015,0.5614
27 Oct 2015,0.3848
28 Oct 2015,0.3994
29 Oct 2015,0.6862
30 Oct 2015,0.8090
02 Nov 2015,1.0026
03 Nov 2015,0.7076
04 Nov 2015,0.2755
05 Nov 2015,0.1229
06 Nov 2015,0.2372
09 Nov 2015,0.1600
11 Nov 2015,0.2111
12 Nov 2015,0.0758
13 Nov 2015,0.2109
16 Nov 2015,0.6254
17 Nov 2015,0.6204
18 Nov 2015,0.5701
19 Nov 2015,0.4563
20 Nov 2015,0.2024
23 Nov 2015,0.3069
24 Nov 2015,0.4644
25 Nov 2015,0.7355
26 Nov 2015,0.3878
27 Nov 2015,0.4032
30 Nov 2015,0.6995
01 Dec 2015,0.6487
02 Dec 2015,0.4087
03 Dec 2015,0.4295
04 Dec 2015,0.2785
07 Dec 2015,0.2963
08 Dec 2015,0.2280
09 Dec 2015,0.2643
10 Dec 2015,0.2058
11 Dec 2015,0.1305
14 Dec 2015,0.2475
15 Dec 2015,0.2480
16 Dec 2015,0.2907
17 Dec 2015,0.3600
18 Dec 2015,0.3339
21 Dec 2015,0.1877
22 Dec 2015,0.1435
23 Dec 2015,0.1908
24 Dec 2015,0.2532
28 Dec 2015,0.1939
29 Dec 2015,0.3021
30 Dec 2015,0.2059
31 Dec 2015,0.2688
04 Jan 2016,0.7159
05 Jan 2016,0.4150
06 Jan 2016,0.2071
07 Jan 2016,0.4788
08 Jan 2016,0.6187
11 Jan 2016,0.6600
12 Jan 2016,0.9215
13 Jan 2016,0.6327
14 Jan 2016,0.5400
15 Jan 2016,0.1810
18 Jan 2016,0.1571
19 Jan 2016,0.3344
20 Jan 2016,0.2782
21 Jan 2016,0.2574
22 Jan 2016,0.1234
25 Jan 2016,0.1559
26 Jan 2016,0.1477
27 Jan 2016,0.1594
28 Jan 2016,0.1371
29 Jan 2016,0.1949
01 Feb 2016,0.1954
02 Feb 2016,0.1572
03 Feb 2016,0.2748
04 Feb 2016,0.2359
05 Feb 2016,0.2640
10 Feb 2016,0.3061
11 Feb 2016,0.1460
12 Feb 2016,0.0879
15 Feb 2016,0.1689
16 Feb 2016,0.1309
17 Feb 2016,0.2218
18 Feb 2016,0.3530
19 Feb 2016,0.3423
22 Feb 2016,0.2776
23 Feb 2016,0.3736
24 Feb 2016,0.3094
25 Feb 2016,0.3774
26 Feb 2016,0.3362
29 Feb 2016,0.3476
01 Mar 2016,0.5059
02 Mar 2016,0.4915
03 Mar 2016,0.4329
04 Mar 2016,0.4150
07 Mar 2016,0.2754
08 Mar 2016,0.2912
09 Mar 2016,0.3696
10 Mar 2016,0.2949
11 Mar 2016,0.3274
14 Mar 2016,0.3000
15 Mar 2016,0.2973
16 Mar 2016,0.2826
17 Mar 2016,0.2754
18 Mar 2016,0.1751
21 Mar 2016,0.2330
22 Mar 2016,0.2849
23 Mar 2016,0.2591
24 Mar 2016,0.2309
28 Mar 2016,0.2752
29 Mar 2016,0.3018
30 Mar 2016,0.1692
31 Mar 2016,0.1035
01 Apr 2016,0.1332
04 Apr 2016,0.2503
05 Apr 2016,0.2835
06 Apr 2016,0.2968
07 Apr 2016,0.2105
08 Apr 2016,0.2044
11 Apr 2016,0.1936
12 Apr 2016,0.2105
13 Apr 2016,0.1244
14 Apr 2016,0.1451
15 Apr 2016,0.3209
18 Apr 2016,0.3666
19 Apr 2016,0.2637
20 Apr 2016,0.3029
21 Apr 2016,0.3540
22 Apr 2016,0.4835
25 Apr 2016,0.6771
26 Apr 2016,0.5986
27 Apr 2016,0.6649
28 Apr 2016,0.6359
29 Apr 2016,0.3292
03 May 2016,0.4125
04 May 2016,0.5060
05 May 2016,0.2011
06 May 2016,0.1426
09 May 2016,0.2989
10 May 2016,0.2913
11 May 2016,0.1364
12 May 2016,0.0599
13 May 2016,0.1049
16 May 2016,0.0950
17 May 2016,0.0765
18 May 2016,0.0805
19 May 2016,0.1209
20 May 2016,0.1827
23 May 2016,0.1496
24 May 2016,0.2659
25 May 2016,0.2268
26 May 2016,0.3290
27 May 2016,0.2552
30 May 2016,0.2290
31 May 2016,0.3567
01 Jun 2016,0.2297
02 Jun 2016,0.2393
03 Jun 2016,0.1044
06 Jun 2016,0.1153
07 Jun 2016,0.1614
08 Jun 2016,0.0581
09 Jun 2016,0.0565
10 Jun 2016,0.0574
13 Jun 2016,0.1128
14 Jun 2016,0.0921
15 Jun 2016,0.0510
16 Jun 2016,0.0414
17 Jun 2016,0.0727
20 Jun 2016,0.0741
21 Jun 2016,0.0774
22 Jun 2016,0.0626
23 Jun 2016,0.0416
24 Jun 2016,0.0430
27 Jun 2016,0.0825
28 Jun 2016,0.0846
29 Jun 2016,0.0831
30 Jun 2016,0.1845
01 Jul 2016,0.4412
04 Jul 2016,0.1478
05 Jul 2016,0.1342
07 Jul 2016,0.1090
08 Jul 2016,0.0847
11 Jul 2016,0.0717
12 Jul 2016,0.0566
13 Jul 2016,0.0640
14 Jul 2016,0.0563
15 Jul 2016,0.0750
18 Jul 2016,0.1187
19 Jul 2016,0.0727
20 Jul 2016,0.0557
21 Jul 2016,0.1572
22 Jul 2016,0.4879
25 Jul 2016,0.3511
26 Jul 2016,0.6345
27 Jul 2016,0.7764
28 Jul 2016,0.8879
29 Jul 2016,0.7445
01 Aug 2016,0.3713
02 Aug 2016,0.1956
03 Aug 2016,0.0725
04 Aug 2016,0.0223
05 Aug 2016,0.0241
08 Aug 2016,0.0135
10 Aug 2016,0.0134
11 Aug 2016,0.0173
12 Aug 2016,0.0178
15 Aug 2016,0.0210
16 Aug 2016,0.0486
17 Aug 2016,0.0696
18 Aug 2016,0.1219
19 Aug 2016,0.1091
22 Aug 2016,0.0737
23 Aug 2016,0.0612
24 Aug 2016,0.0743
25 Aug 2016,0.0402
26 Aug 2016,0.0876
29 Aug 2016,0.1857
30 Aug 2016,0.3628
31 Aug 2016,0.1422
01 Sep 2016,0.3781
02 Sep 2016,0.0919
05 Sep 2016,0.0808
06 Sep 2016,0.0855
07 Sep 2016,0.0467
08 Sep 2016,0.0294
09 Sep 2016,0.0184
13 Sep 2016,0.0282
14 Sep 2016,0.0410
15 Sep 2016,0.0721
16 Sep 2016,0.0343
19 Sep 2016,0.0495
20 Sep 2016,0.0477
21 Sep 2016,0.0441
22 Sep 2016,0.0439
23 Sep 2016,0.0476
26 Sep 2016,0.0532
27 Sep 2016,0.0705
28 Sep 2016,0.0743
29 Sep 2016,0.1344
30 Sep 2016,0.1821
03 Oct 2016,0.1248
04 Oct 2016,0.0488
05 Oct 2016,0.0369
06 Oct 2016,0.0452
07 Oct 2016,0.0621
10 Oct 2016,0.1203
11 Oct 2016,0.0811
12 Oct 2016,0.1175
13 Oct 2016,0.1134
14 Oct 2016,0.0380
17 Oct 2016,0.0842
18 Oct 2016,0.0289
19 Oct 2016,0.0305
20 Oct 2016,0.0475
21 Oct 2016,0.0586
24 Oct 2016,0.1608
25 Oct 2016,0.1838
26 Oct 2016,0.0858
27 Oct 2016,0.0658
28 Oct 2016,0.0655
31 Oct 2016,0.0964
01 Nov 2016,0.0731
02 Nov 2016,0.0734
03 Nov 2016,0.0796
04 Nov 2016,0.0413
07 Nov 2016,0.0768
08 Nov 2016,0.0550
09 Nov 2016,0.0802
10 Nov 2016,0.0833
11 Nov 2016,0.0815
14 Nov 2016,0.0384
15 Nov 2016,0.0969
16 Nov 2016,0.0761
17 Nov 2016,0.0781
18 Nov 2016,0.0494
21 Nov 2016,0.0495
22 Nov 2016,0.1094
23 Nov 2016,0.0849
24 Nov 2016,0.0742
25 Nov 2016,0.0700
28 Nov 2016,0.3243
29 Nov 2016,0.1918
30 Nov 2016,0.2422
01 Dec 2016,0.0649
02 Dec 2016,0.0459
05 Dec 2016,0.0498
06 Dec 2016,0.0963
07 Dec 2016,0.1152
08 Dec 2016,0.0639
09 Dec 2016,0.1106
12 Dec 2016,0.1152
13 Dec 2016,0.1602
14 Dec 2016,0.3858
15 Dec 2016,0.3725
16 Dec 2016,0.3876
19 Dec 2016,0.2480
20 Dec 2016,0.3729
21 Dec 2016,0.2941
22 Dec 2016,0.2255
23 Dec 2016,0.1090
27 Dec 2016,0.2062
28 Dec 2016,0.2848
29 Dec 2016,0.4048
30 Dec 2016,0.4114
03 Jan 2017,0.4595
04 Jan 2017,0.2354
05 Jan 2017,0.1257
06 Jan 2017,0.1040
09 Jan 2017,0.1122
10 Jan 2017,0.0523
11 Jan 2017,0.0301
12 Jan 2017,0.0378
13 Jan 2017,0.0555
16 Jan 2017,0.1292
17 Jan 2017,0.1119
18 Jan 2017,0.1605
19 Jan 2017,0.1319
20 Jan 2017,0.0983
23 Jan 2017,0.0598
24 Jan 2017,0.0799
25 Jan 2017,0.0865
26 Jan 2017,0.0685
27 Jan 2017,0.1849
31 Jan 2017,0.5198
01 Feb 2017,0.1388
02 Feb 2017,0.1208
03 Feb 2017,0.2009
06 Feb 2017,0.4127
07 Feb 2017,0.3364
08 Feb 2017,0.1171
09 Feb 2017,0.1515
10 Feb 2017,0.3380
13 Feb 2017,0.5471
14 Feb 2017,0.6944
15 Feb 2017,0.3852
16 Feb 2017,0.1524
17 Feb 2017,0.0975
20 Feb 2017,0.1687
21 Feb 2017,0.1560
22 Feb 2017,0.5143
23 Feb 2017,0.6109
24 Feb 2017,0.5746
27 Feb 2017,0.2226
28 Feb 2017,0.3106
01 Mar 2017,0.4731
02 Mar 2017,0.3050
03 Mar 2017,0.1629
06 Mar 2017,0.1830
07 Mar 2017,0.2365
08 Mar 2017,0.1343
09 Mar 2017,0.0555
10 Mar 2017,0.1194
13 Mar 2017,0.1532
14 Mar 2017,0.1035
15 Mar 2017,0.1423
16 Mar 2017,0.1113
17 Mar 2017,0.3634
20 Mar 2017,0.4885
21 Mar 2017,0.6229
22 Mar 2017,0.3430
23 Mar 2017,0.3168
24 Mar 2017,0.1248
27 Mar 2017,0.2633
28 Mar 2017,0.2306
29 Mar 2017,0.1950
30 Mar 2017,0.4827
31 Mar 2017,0.4343
03 Apr 2017,0.5687
04 Apr 2017,0.6962
05 Apr 2017,0.3758
06 Apr 2017,0.3076
07 Apr 2017,0.2147
10 Apr 2017,0.1849
11 Apr 2017,0.2675
12 Apr 2017,0.3735
13 Apr 2017,0.4849
17 Apr 2017,0.7076
18 Apr 2017,0.4296
19 Apr 2017,0.3628
20 Apr 2017,0.2470
21 Apr 2017,0.3620
24 Apr 2017,0.4809
25 Apr 2017,0.4397
26 Apr 2017,0.4835
27 Apr 2017,0.5996
28 Apr 2017,0.3922
02 May 2017,0.4526
03 May 2017,0.4460
04 May 2017,0.5120
05 May 2017,0.3957
08 May 2017,0.4690
09 May 2017,0.4946
11 May 2017,0.4974
12 May 2017,0.5050
15 May 2017,0.5746
16 May 2017,0.5159
17 May 2017,0.7252
18 May 2017,0.5820
19 May 2017,0.5199
22 May 2017,0.5588
23 May 2017,0.5613
24 May 2017,0.4187
25 May 2017,0.4127
26 May 2017,0.3323
29 May 2017,0.4495
30 May 2017,0.3589
31 May 2017,0.4404
01 Jun 2017,0.4503
02 Jun 2017,0.3647
05 Jun 2017,0.5698
06 Jun 2017,0.6237
07 Jun 2017,0.7110
08 Jun 2017,0.8227
09 Jun 2017,0.4644
12 Jun 2017,0.2618
13 Jun 2017,0.2335
14 Jun 2017,0.0917
15 Jun 2017,0.1126
16 Jun 2017,0.1495
19 Jun 2017,0.1433
20 Jun 2017,0.1576
21 Jun 2017,0.1526
22 Jun 2017,0.2760
23 Jun 2017,0.4513
27 Jun 2017,1.1334
28 Jun 2017,0.7300
29 Jun 2017,0.9212
30 Jun 2017,1.1955
03 Jul 2017,0.8239
04 Jul 2017,0.8275
05 Jul 2017,1.2140
06 Jul 2017,1.2275
07 Jul 2017,0.9298
10 Jul 2017,1.1808
11 Jul 2017,1.1877
12 Jul 2017,1.0680
13 Jul 2017,0.9984
14 Jul 2017,0.5523
17 Jul 2017,0.3909
18 Jul 2017,0.3072
19 Jul 2017,0.2644
20 Jul 2017,0.4248
21 Jul 2017,0.5738
24 Jul 2017,0.6979
25 Jul 2017,0.7706
26 Jul 2017,0.7800
27 Jul 2017,0.7354
28 Jul 2017,0.5795
31 Jul 2017,0.7337
01 Aug 2017,0.9860
02 Aug 2017,0.8904
03 Aug 2017,0.9353
04 Aug 2017,0.6009
07 Aug 2017,0.6899
08 Aug 2017,0.4968
10 Aug 2017,0.4332
11 Aug 2017,0.3925
14 Aug 2017,0.4601
15 Aug 2017,0.6628
16 Aug 2017,0.7048
17 Aug 2017,0.7716
18 Aug 2017,0.6699
21 Aug 2017,0.8218
22 Aug 2017,0.8527
23 Aug 2017,0.9036
24 Aug 2017,0.9766
25 Aug 2017,1.0179
28 Aug 2017,1.2455
29 Aug 2017,1.1370
30 Aug 2017,0.5851
31 Aug 2017,0.2874
04 Sep 2017,0.5189
05 Sep 2017,0.8749
06 Sep 2017,0.8973
07 Sep 2017,0.7411
08 Sep 2017,0.5901
11 Sep 2017,0.7084
12 Sep 2017,0.8189
13 Sep 2017,0.7175
14 Sep 2017,0.4524
15 Sep 2017,0.3192
18 Sep 2017,0.2772
19 Sep 2017,0.5204
20 Sep 2017,0.5091
21 Sep 2017,0.6871
22 Sep 2017,0.6471
25 Sep 2017,0.7077
26 Sep 2017,0.5900
27 Sep 2017,0.5617
28 Sep 2017,0.6652
29 Sep 2017,0.5562
02 Oct 2017,0.5979
03 Oct 2017,0.5872
04 Oct 2017,0.5746
05 Oct 2017,0.3605
06 Oct 2017,0.4652
09 Oct 2017,0.6093
10 Oct 2017,0.6312
11 Oct 2017,0.5824
12 Oct 2017,0.6725
13 Oct 2017,0.6971
16 Oct 2017,0.6888
17 Oct 2017,0.6978
19 Oct 2017,0.6918
20 Oct 2017,1.0110
23 Oct 2017,1.3715
24 Oct 2017,1.4066
25 Oct 2017,1.2133
26 Oct 2017,1.3334
27 Oct 2017,1.1275
30 Oct 2017,1.1225
31 Oct 2017,1.1744
01 Nov 2017,1.0968
02 Nov 2017,1.0400
03 Nov 2017,0.7605
06 Nov 2017,0.8203
07 Nov 2017,0.7117
08 Nov 2017,0.7264
09 Nov 2017,0.8014
10 Nov 2017,0.8199
13 Nov 2017,1.0026
14 Nov 2017,0.6976
15 Nov 2017,0.6693
16 Nov 2017,0.5585
17 Nov 2017,0.5430
20 Nov 2017,0.5547
21 Nov 2017,0.4900
22 Nov 2017,0.2509
23 Nov 2017,0.1709
24 Nov 2017,0.3673
27 Nov 2017,0.5353
28 Nov 2017,0.6674
29 Nov 2017,0.7853
30 Nov 2017,1.1968
01 Dec 2017,1.2592
04 Dec 2017,1.2101
05 Dec 2017,0.9920
06 Dec 2017,0.8293
07 Dec 2017,0.7437
08 Dec 2017,0.7247
11 Dec 2017,0.7820
12 Dec 2017,0.8323
13 Dec 2017,0.9218
14 Dec 2017,0.8442
15 Dec 2017,0.7550
18 Dec 2017,0.7399
19 Dec 2017,0.8309
20 Dec 2017,0.9375
21 Dec 2017,0.9310
22 Dec 2017,1.0005
26 Dec 2017,1.2709
27 Dec 2017,1.1960
28 Dec 2017,0.9589
29 Dec 2017,0.7590
02 Jan 2018,0.8605
03 Jan 2018,0.7915
04 Jan 2018,1.0355
05 Jan 2018,0.6058
08 Jan 2018,0.3425
09 Jan 2018,0.0458
10 Jan 2018,0.0560
11 Jan 2018,0.1294
12 Jan 2018,0.0660
15 Jan 2018,0.4538
16 Jan 2018,0.1639
17 Jan 2018,0.0973
18 Jan 2018,0.1380
19 Jan 2018,0.0868
22 Jan 2018,0.6715
23 Jan 2018,0.6374
24 Jan 2018,0.1786
25 Jan 2018,0.1183
26 Jan 2018,0.0602
29 Jan 2018,0.1977
30 Jan 2018,0.2863
31 Jan 2018,0.6653
01 Feb 2018,0.8294
02 Feb 2018,0.7742
05 Feb 2018,0.9899
06 Feb 2018,0.5491
07 Feb 2018,0.6143
08 Feb 2018,0.6509
09 Feb 2018,0.8123
12 Feb 2018,1.3314
13 Feb 2018,1.3910
14 Feb 2018,1.1126
15 Feb 2018,0.6005
19 Feb 2018,0.5852
20 Feb 2018,0.7581
21 Feb 2018,0.9160
22 Feb 2018,1.1141
23 Feb 2018,1.2325
26 Feb 2018,1.5934
27 Feb 2018,1.6497
28 Feb 2018,1.5178
01 Mar 2018,0.5943
02 Mar 2018,0.3726
05 Mar 2018,0.5802
06 Mar 2018,0.8453
07 Mar 2018,0.7439
08 Mar 2018,0.9541
09 Mar 2018,0.8161
12 Mar 2018,0.8321
13 Mar 2018,0.7758
14 Mar 2018,0.5956
15 Mar 2018,0.5853
16 Mar 2018,0.5777
19 Mar 2018,0.2856
20 Mar 2018,0.5764
21 Mar 2018,0.6710
22 Mar 2018,0.9127
23 Mar 2018,0.7604
26 Mar 2018,0.7599
27 Mar 2018,0.6705
28 Mar 2018,0.7152
29 Mar 2018,0.5858
02 Apr 2018,0.7834
03 Apr 2018,0.6773
04 Apr 2018,0.5953
05 Apr 2018,0.4255
06 Apr 2018,0.1524
09 Apr 2018,0.1727
10 Apr 2018,0.1867
11 Apr 2018,0.2671
12 Apr 2018,0.2775
13 Apr 2018,0.2905
16 Apr 2018,0.3699
17 Apr 2018,0.3521
18 Apr 2018,0.3924
19 Apr 2018,0.4361
20 Apr 2018,1.0692
23 Apr 2018,1.3329
24 Apr 2018,1.1291
25 Apr 2018,0.8744
26 Apr 2018,0.8638
27 Apr 2018,0.9956
30 Apr 2018,1.7560
02 May 2018,1.4725
03 May 2018,1.1115
04 May 2018,1.0984
07 May 2018,1.1747
08 May 2018,1.3977
09 May 2018,1.5624
10 May 2018,1.5366
11 May 2018,0.9983
14 May 2018,0.8759
15 May 2018,0.9905
16 May 2018,0.7019
17 May 2018,0.6264
18 May 2018,0.4188
21 May 2018,0.4564
22 May 2018,0.6761
23 May 2018,0.6852
24 May 2018,1.2815
25 May 2018,1.0365
28 May 2018,1.4118
30 May 2018,1.5135
31 May 2018,1.5544
01 Jun 2018,1.1205
04 Jun 2018,0.9958
05 Jun 2018,1.4310
06 Jun 2018,1.5185
07 Jun 2018,1.4606
08 Jun 2018,1.0974
11 Jun 2018,1.1256
12 Jun 2018,1.0994
13 Jun 2018,0.7890
14 Jun 2018,0.5849
18 Jun 2018,0.7504
19 Jun 2018,0.5232
20 Jun 2018,0.4036
21 Jun 2018,0.4929
22 Jun 2018,0.5651
25 Jun 2018,0.4658
26 Jun 2018,0.6866
27 Jun 2018,0.9323
28 Jun 2018,0.8223
29 Jun 2018,0.8296
02 Jul 2018,1.3426
03 Jul 2018,0.9918
04 Jul 2018,0.9160
05 Jul 2018,0.8344
06 Jul 2018,0.8786
09 Jul 2018,1.4412
10 Jul 2018,1.4302
11 Jul 2018,1.4064
12 Jul 2018,1.3745
13 Jul 2018,1.2384
16 Jul 2018,1.1951
17 Jul 2018,1.1635
18 Jul 2018,0.7706
19 Jul 2018,0.8579
20 Jul 2018,0.9735
23 Jul 2018,1.0492
24 Jul 2018,1.4072
25 Jul 2018,1.4046
26 Jul 2018,0.9908
27 Jul 2018,1.1911
30 Jul 2018,1.4968
31 Jul 2018,1.5623
01 Aug 2018,1.7311
02 Aug 2018,1.8083
03 Aug 2018,1.6714
06 Aug 2018,1.8187
07 Aug 2018,1.8285
08 Aug 2018,1.4463
10 Aug 2018,1.3192
13 Aug 2018,1.4192
14 Aug 2018,1.7705
15 Aug 2018,1.4315
16 Aug 2018,1.6876
17 Aug 2018,1.0175
20 Aug 2018,0.8028
21 Aug 2018,0.7479
23 Aug 2018,1.2240
24 Aug 2018,1.1864
27 Aug 2018,1.5460
28 Aug 2018,1.5029
29 Aug 2018,1.3932
30 Aug 2018,1.3580
31 Aug 2018,1.1073
03 Sep 2018,1.0628
04 Sep 2018,0.9531
05 Sep 2018,1.0603
06 Sep 2018,0.6039
07 Sep 2018,0.6800
10 Sep 2018,0.7885
11 Sep 2018,0.6444
12 Sep 2018,0.6249
13 Sep 2018,0.8635
14 Sep 2018,0.8372
17 Sep 2018,1.0121
18 Sep 2018,1.2431
19 Sep 2018,1.2587
20 Sep 2018,1.3053
21 Sep 2018,1.3883
24 Sep 2018,1.4172
25 Sep 2018,1.1161
26 Sep 2018,1.2211
27 Sep 2018,1.0801
28 Sep 2018,1.0110
01 Oct 2018,1.1084
02 Oct 2018,1.1854
03 Oct 2018,1.0854
04 Oct 2018,1.1103
05 Oct 2018,1.2730
08 Oct 2018,1.2754
09 Oct 2018,1.0762
10 Oct 2018,1.1576
11 Oct 2018,1.0035
12 Oct 2018,1.1007
15 Oct 2018,1.1695
16 Oct 2018,1.1025
17 Oct 2018,0.9410
18 Oct 2018,1.0147
19 Oct 2018,1.1154
22 Oct 2018,1.3026
23 Oct 2018,1.2159
24 Oct 2018,1.2068
25 Oct 2018,1.3389
26 Oct 2018,1.3532
29 Oct 2018,1.2862
30 Oct 2018,1.3056
31 Oct 2018,1.3336
01 Nov 2018,1.4498
02 Nov 2018,1.5274
05 Nov 2018,1.5642
07 Nov 2018,1.3473
08 Nov 2018,1.2537
09 Nov 2018,1.2862
12 Nov 2018,1.2630
13 Nov 2018,1.2342
14 Nov 2018,1.2595
15 Nov 2018,1.1703
16 Nov 2018,1.4816
19 Nov 2018,1.8768
20 Nov 2018,1.9294
21 Nov 2018,1.5162
22 Nov 2018,1.7144
23 Nov 2018,1.5247
26 Nov 2018,1.5637
27 Nov 2018,1.4620
28 Nov 2018,1.3705
29 Nov 2018,1.3427
30 Nov 2018,1.8059
03 Dec 2018,1.9655
04 Dec 2018,1.8987
05 Dec 2018,1.6113
06 Dec 2018,1.2463
07 Dec 2018,0.4604
10 Dec 2018,1.1288
11 Dec 2018,1.1137
12 Dec 2018,1.3151
13 Dec 2018,1.6167
14 Dec 2018,1.5868
17 Dec 2018,1.5526
18 Dec 2018,1.4564
19 Dec 2018,1.5719
20 Dec 2018,1.9044
21 Dec 2018,2.0203
24 Dec 2018,2.0633
26 Dec 2018,1.9447
27 Dec 2018,2.1772
28 Dec 2018,1.7089
31 Dec 2018,1.8460
02 Jan 2019,1.7645
03 Jan 2019,1.2781
04 Jan 2019,0.9545
07 Jan 2019,1.2640
08 Jan 2019,1.1470
09 Jan 2019,1.1236
10 Jan 2019,1.1964
11 Jan 2019,1.0776
14 Jan 2019,1.1299
15 Jan 2019,1.1263
16 Jan 2019,1.0919
17 Jan 2019,1.3666
18 Jan 2019,1.5422
21 Jan 2019,1.6371
22 Jan 2019,1.4506
23 Jan 2019,1.7363
24 Jan 2019,1.8543
25 Jan 2019,1.9116
28 Jan 2019,1.7582
29 Jan 2019,1.8305
30 Jan 2019,1.8900
31 Jan 2019,1.9188
01 Feb 2019,1.8978
04 Feb 2019,1.6472
07 Feb 2019,1.7538
08 Feb 2019,1.6384
11 Feb 2019,1.8156
12 Feb 2019,1.7735
13 Feb 2019,1.7882
14 Feb 2019,1.7162
15 Feb 2019,1.6528
18 Feb 2019,1.5548
19 Feb 2019,1.5580
20 Feb 2019,1.7053
21 Feb 2019,1.5467
22 Feb 2019,1.5324
25 Feb 2019,1.7070
26 Feb 2019,1.6459
27 Feb 2019,1.5746
28 Feb 2019,1.4256
01 Mar 2019,1.6556
04 Mar 2019,1.8033
05 Mar 2019,1.4282
06 Mar 2019,1.3116
07 Mar 2019,1.2044
08 Mar 2019,1.2488
11 Mar 2019,1.0990
12 Mar 2019,1.1414
13 Mar 2019,1.0192
14 Mar 2019,1.0662
15 Mar 2019,1.0579
18 Mar 2019,1.2407
19 Mar 2019,1.2236
20 Mar 2019,1.4223
21 Mar 2019,1.5833
22 Mar 2019,1.6409
25 Mar 2019,1.6422
26 Mar 2019,1.5807
27 Mar 2019,1.6774
28 Mar 2019,1.8564
29 Mar 2019,1.8534
01 Apr 2019,2.2358
02 Apr 2019,1.5456
03 Apr 2019,1.5339
04 Apr 2019,1.4935
05 Apr 2019,1.4388
08 Apr 2019,1.7328
09 Apr 2019,1.7870
10 Apr 2019,1.7875
11 Apr 2019,1.7077
12 Apr 2019,1.6421
15 Apr 2019,1.6636
16 Apr 2019,1.6009
17 Apr 2019,1.6481
18 Apr 2019,1.6017
22 Apr 2019,1.7528
23 Apr 2019,1.7772
24 Apr 2019,1.7087
25 Apr 2019,1.6940
26 Apr 2019,1.7660
29 Apr 2019,1.6678
30 Apr 2019,1.8593
02 May 2019,2.0791
03 May 2019,1.9441
06 May 2019,1.9643
07 May 2019,1.9961
08 May 2019,2.1542
09 May 2019,1.9900
10 May 2019,1.7012
13 May 2019,1.7954
14 May 2019,1.6964
15 May 2019,1.8553
16 May 2019,1.7315
17 May 2019,1.8167
21 May 2019,2.0390
22 May 2019,1.6950
23 May 2019,1.7432
24 May 2019,1.4486
27 May 2019,1.7018
28 May 2019,1.6730
29 May 2019,1.8282
30 May 2019,1.9140
31 May 2019,1.5849
03 Jun 2019,1.8757
04 Jun 2019,1.7860
06 Jun 2019,1.6102
07 Jun 2019,1.3635
10 Jun 2019,1.9579
11 Jun 2019,1.9555
12 Jun 2019,2.1023
13 Jun 2019,1.8346
14 Jun 2019,1.1671
17 Jun 2019,1.2907
18 Jun 2019,1.2541
19 Jun 2019,1.3965
20 Jun 2019,1.2413
21 Jun 2019,1.2634
24 Jun 2019,1.5855
25 Jun 2019,1.5577
26 Jun 2019,1.4176
27 Jun 2019,1.3439
28 Jun 2019,1.4207
01 Jul 2019,1.6730
02 Jul 2019,1.5492
03 Jul 2019,1.5807
04 Jul 2019,1.5546
05 Jul 2019,1.3368
08 Jul 2019,1.5244
09 Jul 2019,1.4361
10 Jul 2019,1.4389
11 Jul 2019,1.4191
12 Jul 2019,1.2798
15 Jul 2019,1.3533
16 Jul 2019,1.3730
17 Jul 2019,1.3579
18 Jul 2019,1.4758
19 Jul 2019,1.5818
22 Jul 2019,1.7574
23 Jul 2019,1.7604
24 Jul 2019,1.6938
25 Jul 2019,1.6323
26 Jul 2019,1.5729
29 Jul 2019,1.6436
30 Jul 2019,1.7231
31 Jul 2019,1.9407
01 Aug 2019,1.9413
02 Aug 2019,1.6926
05 Aug 2019,1.7049
06 Aug 2019,1.7662
07 Aug 2019,1.8936
08 Aug 2019,1.6249
13 Aug 2019,1.8084
14 Aug 2019,1.6639
15 Aug 2019,1.6949
16 Aug 2019,1.5082
19 Aug 2019,1.6281
20 Aug 2019,1.4024
21 Aug 2019,1.2771
22 Aug 2019,1.3259
23 Aug 2019,1.2491
26 Aug 2019,1.2860
27 Aug 2019,1.3413
28 Aug 2019,1.4376
29 Aug 2019,1.6368
30 Aug 2019,1.9107
02 Sep 2019,1.7441
03 Sep 2019,1.4403
04 Sep 2019,1.5036
05 Sep 2019,1.5110
06 Sep 2019,1.5743
09 Sep 2019,1.6121
10 Sep 2019,1.7302
11 Sep 2019,1.6328
12 Sep 2019,1.6192
13 Sep 2019,1.4631
16 Sep 2019,1.4859
17 Sep 2019,1.5503
18 Sep 2019,1.4199
19 Sep 2019,1.1938
20 Sep 2019,0.7490
23 Sep 2019,0.6849
24 Sep 2019,0.7375
25 Sep 2019,1.2017
26 Sep 2019,1.5154
27 Sep 2019,1.5821
30 Sep 2019,1.5874
01 Oct 2019,1.7204
02 Oct 2019,1.4092
03 Oct 2019,1.4611
04 Oct 2019,1.3062
07 Oct 2019,1.1102
08 Oct 2019,1.1170
09 Oct 2019,0.9774
10 Oct 2019,1.0600
11 Oct 2019,1.1568
14 Oct 2019,1.2871
15 Oct 2019,1.0672
16 Oct 2019,1.0975
17 Oct 2019,1.2266
18 Oct 2019,1.2593
21 Oct 2019,1.2586
22 Oct 2019,1.3364
23 Oct 2019,1.4067
24 Oct 2019,1.5925
25 Oct 2019,1.4978
29 Oct 2019,1.7417
30 Oct 2019,1.7300
31 Oct 2019,1.6836
01 Nov 2019,1.6432
04 Nov 2019,1.3380
05 Nov 2019,1.0749
06 Nov 2019,0.8751
07 Nov 2019,0.7925
08 Nov 2019,0.5491
11 Nov 2019,0.7595
12 Nov 2019,0.6814
13 Nov 2019,0.9573
14 Nov 2019,0.9095
15 Nov 2019,0.9153
18 Nov 2019,1.1029
19 Nov 2019,1.0440
20 Nov 2019,1.0882
21 Nov 2019,1.3661
22 Nov 2019,1.5404
25 Nov 2019,1.5447
26 Nov 2019,1.5496
27 Nov 2019,1.5313
28 Nov 2019,1.4054
29 Nov 2019,1.4213
02 Dec 2019,1.6264
03 Dec 2019,1.5192
04 Dec 2019,1.2475
05 Dec 2019,1.1507
06 Dec 2019,1.2829
09 Dec 2019,1.3218
10 Dec 2019,1.3690
11 Dec 2019,1.3442
12 Dec 2019,1.2755
13 Dec 2019,1.0079
16 Dec 2019,1.1518
17 Dec 2019,0.6668
18 Dec 2019,0.4863
19 Dec 2019,0.2698
20 Dec 2019,0.9469
23 Dec 2019,1.4292
24 Dec 2019,1.9062
26 Dec 2019,1.9185
27 Dec 2019,1.3502
30 Dec 2019,1.1994
31 Dec 2019,1.0252
02 Jan 2020,1.3562
03 Jan 2020,1.6813
06 Jan 2020,1.2271
07 Jan 2020,0.9619
08 Jan 2020,1.0309
09 Jan 2020,1.0006
10 Jan 2020,1.0299
13 Jan 2020,1.1810
14 Jan 2020,1.0595
15 Jan 2020,0.8209
16 Jan 2020,0.8514
17 Jan 2020,0.9215
20 Jan 2020,1.1806
21 Jan 2020,0.7793
22 Jan 2020,1.0474
23 Jan 2020,1.0442
24 Jan 2020,1.0101
28 Jan 2020,1.2578
29 Jan 2020,1.1813
30 Jan 2020,1.0807
31 Jan 2020,1.3564
03 Feb 2020,1.6492
04 Feb 2020,1.4710
05 Feb 2020,1.1359
06 Feb 2020,1.1134
07 Feb 2020,0.9655
10 Feb 2020,0.7943
11 Feb 2020,0.9541
12 Feb 2020,0.8330
13 Feb 2020,0.7835
14 Feb 2020,0.9036
17 Feb 2020,1.0650
18 Feb 2020,0.9734
19 Feb 2020,1.1336
20 Feb 2020,1.0811
21 Feb 2020,0.6284
24 Feb 2020,0.7445
25 Feb 2020,0.9250
26 Feb 2020,0.9665
27 Feb 2020,0.9239
28 Feb 2020,0.9498
02 Mar 2020,1.2581
03 Mar 2020,0.8472
04 Mar 2020,0.6216
05 Mar 2020,0.5175
06 Mar 2020,0.5118
09 Mar 2020,0.6843
10 Mar 2020,0.7093
11 Mar 2020,0.6182
12 Mar 2020,0.3967
13 Mar 2020,0.5165
16 Mar 2020,0.5155
17 Mar 2020,0.3803
18 Mar 2020,0.5800
19 Mar 2020,0.5029
20 Mar 2020,0.4505
23 Mar 2020,0.5115
24 Mar 2020,0.3313
25 Mar 2020,0.2191
26 Mar 2020,0.2272
27 Mar 2020,0.2559
30 Mar 2020,0.1636
31 Mar 2020,0.2091
01 Apr 2020,0.2670
02 Apr 2020,0.2545
03 Apr 2020,0.2404
06 Apr 2020,0.2481
07 Apr 2020,0.2391
08 Apr 2020,0.4194
09 Apr 2020,0.6002
13 Apr 2020,0.6151
14 Apr 2020,0.3271
15 Apr 2020,0.3969
16 Apr 2020,0.4392
17 Apr 2020,0.3678
20 Apr 2020,0.1952
21 Apr 2020,0.1123
22 Apr 2020,0.0550
23 Apr 2020,0.0723
24 Apr 2020,0.0704
27 Apr 2020,0.0805
28 Apr 2020,0.1393
29 Apr 2020,0.1175
30 Apr 2020,0.1516
04 May 2020,0.0879
05 May 2020,0.0849
06 May 2020,0.0708
08 May 2020,0.0387
11 May 2020,0.0388
12 May 2020,0.0458
13 May 2020,0.0500
14 May 2020,0.0269
15 May 2020,0.0207
18 May 2020,0.0235
19 May 2020,0.0152
20 May 2020,0.0135
21 May 2020,0.0150
22 May 2020,0.0518
26 May 2020,0.0429
27 May 2020,0.0883
28 May 2020,0.0838
29 May 2020,0.0897
01 Jun 2020,0.1246
02 Jun 2020,0.0545
03 Jun 2020,0.0371
04 Jun 2020,0.0286
05 Jun 2020,0.0377
08 Jun 2020,0.0369
09 Jun 2020,0.0472
10 Jun 2020,0.0378
11 Jun 2020,0.0708
12 Jun 2020,0.1004
15 Jun 2020,0.1215
16 Jun 2020,0.1139
17 Jun 2020,0.1057
18 Jun 2020,0.0650
19 Jun 2020,0.0884
22 Jun 2020,0.1049
23 Jun 2020,0.1386
24 Jun 2020,0.1507
25 Jun 2020,0.0979
26 Jun 2020,0.1942
29 Jun 2020,0.1701
30 Jun 2020,0.1538
01 Jul 2020,0.1647
02 Jul 2020,0.1006
03 Jul 2020,0.0668
06 Jul 2020,0.0962
07 Jul 2020,0.0461
08 Jul 2020,0.0158
09 Jul 2020,0.0178
13 Jul 2020,0.0093
14 Jul 2020,0.0165
15 Jul 2020,0.0244
16 Jul 2020,0.0178
17 Jul 2020,0.0243
20 Jul 2020,0.0205
21 Jul 2020,0.0214
22 Jul 2020,0.0290
23 Jul 2020,0.0446
24 Jul 2020,0.2409
27 Jul 2020,0.2719
28 Jul 2020,0.2654
29 Jul 2020,0.2681
30 Jul 2020,0.1112
03 Aug 2020,0.1015
04 Aug 2020,0.1313
05 Aug 2020,0.0920
06 Aug 2020,0.0362
07 Aug 2020,0.0480
11 Aug 2020,0.1567
12 Aug 2020,0.0836
13 Aug 2020,0.0857
14 Aug 2020,0.0806
17 Aug 2020,0.1091
18 Aug 2020,0.1038
19 Aug 2020,0.1335
20 Aug 2020,0.1317
21 Aug 2020,0.0672
24 Aug 2020,0.0552
25 Aug 2020,0.0608
26 Aug 2020,0.0503
27 Aug 2020,0.0410
28 Aug 2020,0.0959
31 Aug 2020,0.1919
01 Sep 2020,0.2128
02 Sep 2020,0.1274
03 Sep 2020,0.0850
04 Sep 2020,0.0660
07 Sep 2020,0.0760
08 Sep 2020,0.0506
09 Sep 2020,0.0401
10 Sep 2020,0.0759
11 Sep 2020,0.0836
14 Sep 2020,0.1588
15 Sep 2020,0.0814
16 Sep 2020,0.0477
17 Sep 2020,0.0581
18 Sep 2020,0.0298
21 Sep 2020,0.1386
22 Sep 2020,0.1586
23 Sep 2020,0.0551
24 Sep 2020,0.1391
25 Sep 2020,0.1323
28 Sep 2020,0.1206
29 Sep 2020,0.1522
30 Sep 2020,0.0737
01 Oct 2020,0.0786
02 Oct 2020,0.0472
05 Oct 2020,0.0769
06 Oct 2020,0.1439
07 Oct 2020,0.1596
08 Oct 2020,0.2015
09 Oct 2020,0.0608
12 Oct 2020,0.2147
13 Oct 2020,0.1456
14 Oct 2020,0.0985
15 Oct 2020,0.1177
16 Oct 2020,0.1689
19 Oct 2020,0.1113
20 Oct 2020,0.0837
21 Oct 2020,0.1073
22 Oct 2020,0.0555
23 Oct 2020,0.1126
26 Oct 2020,0.1214
27 Oct 2020,0.1026
28 Oct 2020,0.1207
29 Oct 2020,0.1286
30 Oct 2020,0.1247
02 Nov 2020,0.3057
03 Nov 2020,0.1450
04 Nov 2020,0.0948
05 Nov 2020,0.0723
06 Nov 2020,0.0484
09 Nov 2020,0.0749
10 Nov 2020,0.0993
11 Nov 2020,0.0653
12 Nov 2020,0.0902
13 Nov 2020,0.0802
16 Nov 2020,0.0915
17 Nov 2020,0.1487
18 Nov 2020,0.0970
19 Nov 2020,0.0702
20 Nov 2020,0.1071
23 Nov 2020,0.0924
24 Nov 2020,0.0708
25 Nov 2020,0.1215
26 Nov 2020,0.1104
27 Nov 2020,0.1219
30 Nov 2020,0.1870
01 Dec 2020,0.1849
02 Dec 2020,0.1787
03 Dec 2020,0.1773
04 Dec 2020,0.1413
07 Dec 2020,0.0685
08 Dec 2020,0.1030
09 Dec 2020,0.1078
10 Dec 2020,0.0808
11 Dec 2020,0.1015
14 Dec 2020,0.0811
15 Dec 2020,0.0945
16 Dec 2020,0.0789
17 Dec 2020,0.1219
18 Dec 2020,0.1234
21 Dec 2020,0.1382
22 Dec 2020,0.1307
23 Dec 2020,0.1513
24 Dec 2020,0.1564
28 Dec 2020,0.2342
29 Dec 2020,0.1170
30 Dec 2020,0.2152
31 Dec 2020,0.3080
04 Jan 2021,0.9380
05 Jan 2021,0.0901
06 Jan 2021,0.1198
07 Jan 2021,0.1296
08 Jan 2021,0.1772
11 Jan 2021,0.1950
12 Jan 2021,0.2180
13 Jan 2021,0.1366
14 Jan 2021,0.1166
15 Jan 2021,0.0954
18 Jan 2021,0.1011
19 Jan 2021,0.1652
20 Jan 2021,0.1444
21 Jan 2021,0.0991
22 Jan 2021,0.1174
25 Jan 2021,0.1422
26 Jan 2021,0.1151
27 Jan 2021,0.1375
28 Jan 2021,0.1084
29 Jan 2021,0.2762
01 Feb 2021,0.2370
02 Feb 2021,0.2074
03 Feb 2021,0.1499
04 Feb 2021,0.0794
05 Feb 2021,0.0742
08 Feb 2021,0.0953
09 Feb 2021,0.1133
10 Feb 2021,0.1684
11 Feb 2021,0.1984
15 Feb 2021,0.3526
16 Feb 2021,0.1975
17 Feb 2021,0.1493
18 Feb 2021,0.1093
19 Feb 2021,0.0952
22 Feb 2021,0.2915
23 Feb 2021,0.2423
24 Feb 2021,0.1800
25 Feb 2021,0.1738
26 Feb 2021,0.2477
01 Mar 2021,0.2626
02 Mar 2021,0.1225
03 Mar 2021,0.0673
04 Mar 2021,0.0402
05 Mar 2021,0.0881
08 Mar 2021,0.1602
09 Mar 2021,0.1800
10 Mar 2021,0.1924
11 Mar 2021,0.1407
12 Mar 2021,0.3155
15 Mar 2021,0.3893
16 Mar 2021,0.3427
17 Mar 2021,0.2377
18 Mar 2021,0.2138
19 Mar 2021,0.2602
22 Mar 2021,0.1901
23 Mar 2021,0.1392
24 Mar 2021,0.2282
25 Mar 2021,0.2232
26 Mar 2021,0.2672
29 Mar 2021,0.3997
30 Mar 2021,0.2246
31 Mar 2021,0.1754
01 Apr 2021,0.2315
05 Apr 2021,0.0946
06 Apr 2021,0.1315
07 Apr 2021,0.0873
08 Apr 2021,0.0507
09 Apr 2021,0.0507
12 Apr 2021,0.0635
13 Apr 2021,0.0412
14 Apr 2021,0.0679
15 Apr 2021,0.0910
16 Apr 2021,0.0610
19 Apr 2021,0.1517
20 Apr 2021,0.0657
21 Apr 2021,0.1447
22 Apr 2021,0.1091
23 Apr 2021,0.1791
26 Apr 2021,0.1937
27 Apr 2021,0.0839
28 Apr 2021,0.1885
29 Apr 2021,0.1760
30 Apr 2021,0.1850
03 May 2021,0.2504
04 May 2021,0.1984
05 May 2021,0.1561
06 May 2021,0.1897
07 May 2021,0.0815
10 May 2021,0.2114
11 May 2021,0.1767
12 May 2021,0.1049
14 May 2021,0.1544
17 May 2021,0.1784
18 May 2021,0.1715
19 May 2021,0.1064
20 May 2021,0.0635
21 May 2021,0.0720
24 May 2021,0.0670
25 May 2021,0.1014
27 May 2021,0.0841
28 May 2021,0.1136
31 May 2021,0.2438
01 Jun 2021,0.1514
02 Jun 2021,0.1783
03 Jun 2021,0.1617
04 Jun 2021,0.0999
07 Jun 2021,0.0772
08 Jun 2021,0.0772
09 Jun 2021,0.1203
10 Jun 2021,0.0623
11 Jun 2021,0.0619
14 Jun 2021,0.1087
15 Jun 2021,0.1070
16 Jun 2021,0.0944
17 Jun 2021,0.1069
18 Jun 2021,0.1888
21 Jun 2021,0.2384
22 Jun 2021,0.1659
23 Jun 2021,0.1492
24 Jun 2021,0.1443
25 Jun 2021,0.2042
28 Jun 2021,0.1029
29 Jun 2021,0.1065
30 Jun 2021,0.0565
01 Jul 2021,0.0665
02 Jul 2021,0.0609
05 Jul 2021,0.1096
06 Jul 2021,0.1163
07 Jul 2021,0.0957
08 Jul 2021,0.0938
09 Jul 2021,0.1130
12 Jul 2021,0.1433
13 Jul 2021,0.0714
14 Jul 2021,0.0675
15 Jul 2021,0.0877
16 Jul 2021,0.0879
19 Jul 2021,0.0809
21 Jul 2021,0.0918
22 Jul 2021,0.1569
23 Jul 2021,0.1912
26 Jul 2021,0.0974
27 Jul 2021,0.0814
28 Jul 2021,0.1232
29 Jul 2021,0.1232
30 Jul 2021,0.1314
02 Aug 2021,0.2749
03 Aug 2021,0.2260
04 Aug 2021,0.1150
05 Aug 2021,0.0830
06 Aug 2021,0.0861
10 Aug 2021,0.2318
11 Aug 2021,0.0678
12 Aug 2021,0.1028
13 Aug 2021,0.1002
16 Aug 2021,0.0983
17 Aug 2021,0.0877
18 Aug 2021,0.1209
19 Aug 2021,0.0921
20 Aug 2021,0.1033
23 Aug 2021,0.1166
24 Aug 2021,0.1066
25 Aug 2021,0.1166
26 Aug 2021,0.1106
27 Aug 2021,0.1143
30 Aug 2021,0.2281
31 Aug 2021,0.2077
01 Sep 2021,0.2215
02 Sep 2021,0.1921
03 Sep 2021,0.1660
06 Sep 2021,0.1520
07 Sep 2021,0.1091
08 Sep 2021,0.1838
09 Sep 2021,0.1491
10 Sep 2021,0.1052
13 Sep 2021,0.0927
14 Sep 2021,0.1059
15 Sep 2021,0.0691
16 Sep 2021,0.1184
17 Sep 2021,0.1217
20 Sep 2021,0.1375
21 Sep 2021,0.1694
22 Sep 2021,0.1420
23 Sep 2021,0.1811
24 Sep 2021,0.1160
27 Sep 2021,0.1219
28 Sep 2021,0.1136
29 Sep 2021,0.0939
30 Sep 2021,0.0770
01 Oct 2021,0.0665
04 Oct 2021,0.0802
05 Oct 2021,0.0514
06 Oct 2021,0.0731
07 Oct 2021,0.0611
08 Oct 2021,0.1302
11 Oct 2021,0.2065
12 Oct 2021,0.2027
13 Oct 2021,0.1676
14 Oct 2021,0.1782
15 Oct 2021,0.2286
18 Oct 2021,0.3204
19 Oct 2021,0.2243
20 Oct 2021,0.3152
21 Oct 2021,0.2600
22 Oct 2021,0.1892
25 Oct 2021,0.2247
26 Oct 2021,0.2614
27 Oct 2021,0.1743
28 Oct 2021,0.0989
29 Oct 2021,0.1414
01 Nov 2021,0.2229
02 Nov 2021,0.1859
03 Nov 2021,0.1453
05 Nov 2021,0.1097
08 Nov 2021,0.0764
09 Nov 2021,0.0895
10 Nov 2021,0.1139
11 Nov 2021,0.1607
12 Nov 2021,0.1597
15 Nov 2021,0.1920
16 Nov 2021,0.1681
17 Nov 2021,0.2179
18 Nov 2021,0.2460
19 Nov 2021,0.1922
22 Nov 2021,0.2522
23 Nov 2021,0.0987
24 Nov 2021,0.1422
25 Nov 2021,0.1622
26 Nov 2021,0.1391
29 Nov 2021,0.1391
30 Nov 2021,0.1185
01 Dec 2021,0.1128
02 Dec 2021,0.1276
03 Dec 2021,0.1010
06 Dec 2021,0.1943
07 Dec 2021,0.3106
08 Dec 2021,0.3318
09 Dec 2021,0.2237
10 Dec 2021,0.1312
13 Dec 2021,0.1584
14 Dec 2021,0.2878
15 Dec 2021,0.3320
16 Dec 2021,0.2033
17 Dec 2021,0.1865
20 Dec 2021,0.2447
21 Dec 2021,0.1920
22 Dec 2021,0.1391
23 Dec 2021,0.1056
24 Dec 2021,0.1582
27 Dec 2021,0.3037
28 Dec 2021,0.2116
29 Dec 2021,0.2229
30 Dec 2021,0.2785
31 Dec 2021,0.2885
03 Jan 2022,0.3065
04 Jan 2022,0.1416
05 Jan 2022,0.1467
06 Jan 2022,0.1767
07 Jan 2022,0.1191
10 Jan 2022,0.1461
11 Jan 2022,0.1034
12 Jan 2022,0.1839
13 Jan 2022,0.1942
14 Jan 2022,0.2201
17 Jan 2022,0.2078
18 Jan 2022,0.1239
19 Jan 2022,0.1417
20 Jan 2022,0.1217
21 Jan 2022,0.3139
24 Jan 2022,0.2520
25 Jan 2022,0.1559
26 Jan 2022,0.2025
27 Jan 2022,0.4588
28 Jan 2022,0.3056
31 Jan 2022,0.3513
03 Feb 2022,0.4113
04 Feb 2022,0.3069
07 Feb 2022,0.2550
08 Feb 2022,0.2679
09 Feb 2022,0.2320
10 Feb 2022,0.1587
11 Feb 2022,0.1079
14 Feb 2022,0.1998
15 Feb 2022,0.1255
16 Feb 2022,0.1753
17 Feb 2022,0.3018
18 Feb 2022,0.2827
21 Feb 2022,0.5133
22 Feb 2022,0.2383
23 Feb 2022,0.3306
24 Feb 2022,0.2791
25 Feb 2022,0.3585
28 Feb 2022,0.4876
01 Mar 2022,0.3278
02 Mar 2022,0.1873
03 Mar 2022,0.0958
04 Mar 2022,0.0746
07 Mar 2022,0.0503
08 Mar 2022,0.0353
09 Mar 2022,0.0671
10 Mar 2022,0.0552
11 Mar 2022,0.1287
14 Mar 2022,0.1339
15 Mar 2022,0.1697
16 Mar 2022,0.2256
17 Mar 2022,0.3080
18 Mar 2022,0.2828
21 Mar 2022,0.2674
22 Mar 2022,0.4299
23 Mar 2022,0.5122
24 Mar 2022,0.6932
25 Mar 2022,0.5659
28 Mar 2022,0.6959
29 Mar 2022,0.5117
30 Mar 2022,0.2905
31 Mar 2022,0.4571
01 Apr 2022,0.6085
04 Apr 2022,0.4185
05 Apr 2022,0.4275
06 Apr 2022,0.3975
07 Apr 2022,0.2100
08 Apr 2022,0.2788
11 Apr 2022,0.3149
12 Apr 2022,0.2087
13 Apr 2022,0.2020
14 Apr 2022,0.3710
18 Apr 2022,0.3222
19 Apr 2022,0.1256
20 Apr 2022,0.0697
21 Apr 2022,0.1775
22 Apr 2022,0.1685
25 Apr 2022,0.3626
26 Apr 2022,0.3009
27 Apr 2022,0.4155
28 Apr 2022,0.3473
29 Apr 2022,0.3586
04 May 2022,0.6764
05 May 2022,0.4734
06 May 2022,0.8411
09 May 2022,1.0536
10 May 2022,0.8536
11 May 2022,0.7515
12 May 2022,0.8674
13 May 2022,0.8913
17 May 2022,1.3711
18 May 2022,0.9053
19 May 2022,1.0299
20 May 2022,0.8836
23 May 2022,1.1684
24 May 2022,1.0128
25 May 2022,0.9456
26 May 2022,0.8330
27 May 2022,0.7681
30 May 2022,0.8901
31 May 2022,0.6365
01 Jun 2022,0.7187
02 Jun 2022,0.3254
03 Jun 2022,0.5300
06 Jun 2022,0.5567
07 Jun 2022,0.4380
08 Jun 2022,0.4952
09 Jun 2022,0.5242
10 Jun 2022,0.5809
13 Jun 2022,0.7950
14 Jun 2022,0.5746
15 Jun 2022,0.4416
16 Jun 2022,0.3983
17 Jun 2022,0.7937
20 Jun 2022,1.2041
21 Jun 2022,0.9917
22 Jun 2022,1.4164
23 Jun 2022,1.5641
24 Jun 2022,1.6942
27 Jun 2022,1.8636
28 Jun 2022,1.8345
29 Jun 2022,1.8628
30 Jun 2022,1.5571
01 Jul 2022,1.6562
04 Jul 2022,1.5362
05 Jul 2022,1.7837
06 Jul 2022,1.8123
07 Jul 2022,1.6429
08 Jul 2022,1.7389
12 Jul 2022,1.9193
13 Jul 2022,1.8141
14 Jul 2022,1.9374
15 Jul 2022,1.8585
18 Jul 2022,1.9391
19 Jul 2022,1.8921
20 Jul 2022,1.8618
21 Jul 2022,1.7924
22 Jul 2022,1.7682
25 Jul 2022,1.7276
26 Jul 2022,1.7221
27 Jul 2022,1.6908
28 Jul 2022,1.5258
29 Jul 2022,2.0407
01 Aug 2022,2.1354
02 Aug 2022,1.7515
03 Aug 2022,1.6888
04 Aug 2022,1.3720
05 Aug 2022,1.3522
08 Aug 2022,1.8269
10 Aug 2022,1.7915
11 Aug 2022,1.4935
12 Aug 2022,1.7252
15 Aug 2022,1.7601
16 Aug 2022,1.9250
17 Aug 2022,1.9116
18 Aug 2022,1.9236
19 Aug 2022,1.9402
22 Aug 2022,2.2400
23 Aug 2022,2.2324
24 Aug 2022,2.0993
25 Aug 2022,2.0684
26 Aug 2022,1.8673
29 Aug 2022,2.0088
30 Aug 2022,2.0025
31 Aug 2022,2.3441
01 Sep 2022,2.3098
02 Sep 2022,2.1288
05 Sep 2022,2.0446
06 Sep 2022,2.1529
07 Sep 2022,2.1205
08 Sep 2022,2.1104
09 Sep 2022,2.1779
12 Sep 2022,2.3502
13 Sep 2022,2.3312
14 Sep 2022,2.1991
15 Sep 2022,1.8883
16 Sep 2022,1.7246
19 Sep 2022,1.8667
20 Sep 2022,1.7493
21 Sep 2022,1.6736
22 Sep 2022,1.6232
23 Sep 2022,1.9389
26 Sep 2022,2.4129
27 Sep 2022,2.5312
28 Sep 2022,2.7578
29 Sep 2022,2.7431
30 Sep 2022,3.8935
03 Oct 2022,4.3916
04 Oct 2022,3.3298
05 Oct 2022,3.4719
06 Oct 2022,3.0171
07 Oct 2022,3.0510
10 Oct 2022,3.3825
11 Oct 2022,2.9205
12 Oct 2022,3.3732
13 Oct 2022,2.8295
14 Oct 2022,3.3484
17 Oct 2022,3.1934
18 Oct 2022,3.0285
19 Oct 2022,3.1310
20 Oct 2022,2.6315
21 Oct 2022,3.1709
25 Oct 2022,3.1748
26 Oct 2022,2.8631
27 Oct 2022,2.9027
28 Oct 2022,2.8342
31 Oct 2022,2.8441
01 Nov 2022,2.8521
02 Nov 2022,2.5984
03 Nov 2022,2.6474
04 Nov 2022,2.6021
07 Nov 2022,3.0022
08 Nov 2022,2.8969
09 Nov 2022,2.9901
10 Nov 2022,2.9104
11 Nov 2022,3.2670
14 Nov 2022,3.3943
15 Nov 2022,3.0921
16 Nov 2022,2.9520
17 Nov 2022,2.9029
18 Nov 2022,3.2026
21 Nov 2022,3.5309
22 Nov 2022,3.7997
23 Nov 2022,3.6666
24 Nov 2022,3.5174
25 Nov 2022,3.5447
28 Nov 2022,3.6561
29 Nov 2022,3.5562
30 Nov 2022,3.7033
01 Dec 2022,3.9119
02 Dec 2022,3.9219
05 Dec 2022,4.0119
06 Dec 2022,3.5244
07 Dec 2022,3.4458
08 Dec 2022,3.5036
09 Dec 2022,3.2336
12 Dec 2022,3.1336
13 Dec 2022,2.5836
14 Dec 2022,2.0537
15 Dec 2022,1.6457
16 Dec 2022,2.3600
19 Dec 2022,2.3425
20 Dec 2022,1.7577
21 Dec 2022,1.7632
22 Dec 2022,1.5529
23 Dec 2022,1.6509
27 Dec 2022,3.1332
28 Dec 2022,1.8706
29 Dec 2022,1.8126
30 Dec 2022,1.6525
03 Jan 2023,2.5293
04 Jan 2023,2.1567
05 Jan 2023,2.4019
06 Jan 2023,2.6482
09 Jan 2023,3.1851
10 Jan 2023,3.7433
11 Jan 2023,3.4177
12 Jan 2023,3.2209
13 Jan 2023,3.3641
16 Jan 2023,3.8002
17 Jan 2023,3.4653
18 Jan 2023,3.5570
19 Jan 2023,3.6487
20 Jan 2023,3.6037
25 Jan 2023,3.5817
26 Jan 2023,3.6014
27 Jan 2023,3.5637
30 Jan 2023,3.6736
31 Jan 2023,3.8375
01 Feb 2023,3.8693
02 Feb 2023,3.5675
03 Feb 2023,3.5598
06 Feb 2023,3.6127
07 Feb 2023,3.4294
08 Feb 2023,3.1180
09 Feb 2023,3.1004
10 Feb 2023,3.2456
13 Feb 2023,3.6578
14 Feb 2023,3.3393
15 Feb 2023,3.2662
16 Feb 2023,3.3614
17 Feb 2023,3.5088
20 Feb 2023,3.7467
21 Feb 2023,3.4676
22 Feb 2023,3.4653
23 Feb 2023,3.4287
24 Feb 2023,3.6511
27 Feb 2023,3.8658
28 Feb 2023,3.6984
01 Mar 2023,3.4497
02 Mar 2023,3.5485
03 Mar 2023,3.5808
06 Mar 2023,3.6079
07 Mar 2023,3.6300
08 Mar 2023,3.4847
09 Mar 2023,3.5667
10 Mar 2023,3.5983
13 Mar 2023,3.7610
14 Mar 2023,3.7279
15 Mar 2023,3.4985
16 Mar 2023,3.3535
17 Mar 2023,3.7938
20 Mar 2023,3.8871
21 Mar 2023,3.8396
22 Mar 2023,3.8887
23 Mar 2023,3.7178
24 Mar 2023,4.0825
27 Mar 2023,3.6203
28 Mar 2023,3.5509
29 Mar 2023,3.5253
30 Mar 2023,3.8972
31 Mar 2023,3.6343
03 Apr 2023,3.5843
04 Apr 2023,3.3422
05 Apr 2023,3.6018
06 Apr 2023,3.4762
10 Apr 2023,3.3721
11 Apr 2023,3.1595
12 Apr 2023,3.1852
13 Apr 2023,3.2138
14 Apr 2023,3.2688
17 Apr 2023,3.3365
18 Apr 2023,3.2875
19 Apr 2023,3.2315
20 Apr 2023,3.2868
21 Apr 2023,3.4576
24 Apr 2023,4.0783
25 Apr 2023,3.9785
26 Apr 2023,3.7480
27 Apr 2023,3.6124
28 Apr 2023,3.7753
02 May 2023,3.7850
03 May 2023,3.7201
04 May 2023,3.6183
05 May 2023,3.2686
08 May 2023,3.4138
09 May 2023,3.4538
10 May 2023,3.6652
11 May 2023,3.4858
12 May 2023,3.6210
15 May 2023,3.3432
16 May 2023,3.4448
17 May 2023,3.5198
18 May 2023,3.6927
19 May 2023,3.6472
22 May 2023,3.6100
23 May 2023,3.8660
24 May 2023,3.7272
25 May 2023,3.6970
26 May 2023,3.7343
29 May 2023,3.7343
30 May 2023,3.9963
31 May 2023,3.9509
01 Jun 2023,3.7241
05 Jun 2023,3.7514
06 Jun 2023,3.8228
07 Jun 2023,3.7959
08 Jun 2023,3.8445
09 Jun 2023,3.8997
12 Jun 2023,4.0228
13 Jun 2023,3.6227
14 Jun 2023,3.5450
15 Jun 2023,3.5059
16 Jun 2023,3.6299
19 Jun 2023,3.5952
20 Jun 2023,3.6175
21 Jun 2023,3.6691
22 Jun 2023,3.5583
23 Jun 2023,3.5825
26 Jun 2023,3.7939
27 Jun 2023,3.7922
28 Jun 2023,3.7785
30 Jun 2023,3.7918
03 Jul 2023,4.0005
04 Jul 2023,3.8041
05 Jul 2023,3.7885
06 Jul 2023,3.7685
07 Jul 2023,3.6540
10 Jul 2023,3.7005
11 Jul 2023,3.6100
12 Jul 2023,3.6028
13 Jul 2023,3.5373
14 Jul 2023,3.5322
17 Jul 2023,3.5201
18 Jul 2023,3.5341
19 Jul 2023,3.4553
20 Jul 2023,3.5096
21 Jul 2023,3.6125
24 Jul 2023,3.7337
25 Jul 2023,3.5374
26 Jul 2023,3.4533
27 Jul 2023,3.3329
28 Jul 2023,3.4231
31 Jul 2023,3.5264
01 Aug 2023,3.5504
02 Aug 2023,3.3970
03 Aug 2023,3.4463
04 Aug 2023,3.5065
07 Aug 2023,3.7677
08 Aug 2023,3.8511
10 Aug 2023,3.6903
11 Aug 2023,3.5378
14 Aug 2023,3.6165
15 Aug 2023,3.4924
16 Aug 2023,3.5476
17 Aug 2023,3.6183
18 Aug 2023,3.7727
21 Aug 2023,3.9062
22 Aug 2023,3.5937
23 Aug 2023,3.6354
24 Aug 2023,3.6807
25 Aug 2023,3.5891
28 Aug 2023,3.6314
29 Aug 2023,3.6930
30 Aug 2023,3.8150
31 Aug 2023,3.7085
04 Sep 2023,3.7781
05 Sep 2023,3.8411
06 Sep 2023,3.8061
07 Sep 2023,3.7056
08 Sep 2023,3.6811
11 Sep 2023,3.9914
12 Sep 2023,3.8216
13 Sep 2023,3.7478
14 Sep 2023,3.7128
15 Sep 2023,3.6978
18 Sep 2023,3.8093
19 Sep 2023,3.7053
20 Sep 2023,3.5931
21 Sep 2023,3.7076
22 Sep 2023,3.5683
25 Sep 2023,3.7610
26 Sep 2023,3.7721
27 Sep 2023,3.8579
28 Sep 2023,3.7232
29 Sep 2023,3.6232
02 Oct 2023,3.8245
03 Oct 2023,3.6550
04 Oct 2023,3.5858
05 Oct 2023,3.5954
06 Oct 2023,3.6268
09 Oct 2023,3.8967
10 Oct 2023,3.7546
11 Oct 2023,3.6676
12 Oct 2023,3.6356
13 Oct 2023,3.6617
16 Oct 2023,3.7716
17 Oct 2023,3.7366
18 Oct 2023,3.7983
19 Oct 2023,3.7574
20 Oct 2023,3.7461
23 Oct 2023,3.9248
24 Oct 2023,3.8445
25 Oct 2023,3.7258
26 Oct 2023,3.7383
27 Oct 2023,3.7830
30 Oct 2023,3.7298
31 Oct 2023,3.8249
01 Nov 2023,3.6904
02 Nov 2023,3.6569
03 Nov 2023,3.6776
06 Nov 2023,3.7710
07 Nov 2023,3.6121
08 Nov 2023,3.5604
09 Nov 2023,3.4040
10 Nov 2023,3.4926
14 Nov 2023,3.6321
15 Nov 2023,3.6022
16 Nov 2023,3.6372
17 Nov 2023,3.6444
20 Nov 2023,3.8431
21 Nov 2023,3.6665
22 Nov 2023,3.7497
23 Nov 2023,3.6238
24 Nov 2023,3.6811
27 Nov 2023,3.6122
28 Nov 2023,3.6549
29 Nov 2023,3.4799
30 Nov 2023,3.5107
01 Dec 2023,3.6592
04 Dec 2023,3.6823
05 Dec 2023,3.6984
06 Dec 2023,3.7290
07 Dec 2023,3.7354
08 Dec 2023,3.9062
11 Dec 2023,3.8994
12 Dec 2023,3.8467
13 Dec 2023,3.9311
14 Dec 2023,4.0103
15 Dec 2023,3.7911
18 Dec 2023,3.7269
19 Dec 2023,3.6867
20 Dec 2023,3.5700
21 Dec 2023,3.4412
22 Dec 2023,3.3632
26 Dec 2023,3.4044
27 Dec 2023,3.4443
28 Dec 2023,3.2489
29 Dec 2023,3.2630
02 Jan 2024,3.6235
03 Jan 2024,3.6063
04 Jan 2024,3.8177
05 Jan 2024,3.8218
08 Jan 2024,3.7342
09 Jan 2024,3.8194
10 Jan 2024,3.7684
11 Jan 2024,3.7393
12 Jan 2024,3.7931
15 Jan 2024,3.7435
16 Jan 2024,3.5779
17 Jan 2024,3.6456
18 Jan 2024,3.6089
19 Jan 2024,3.5362
22 Jan 2024,3.4333
23 Jan 2024,3.5474
24 Jan 2024,3.5043
25 Jan 2024,3.4113
26 Jan 2024,3.5469
29 Jan 2024,3.5205
30 Jan 2024,3.5140
31 Jan 2024,3.4763
01 Feb 2024,3.4844
02 Feb 2024,3.4330
05 Feb 2024,3.4949
06 Feb 2024,3.5972
07 Feb 2024,3.6389
08 Feb 2024,3.5840
09 Feb 2024,3.3865